Source,Title,Content,Section,URL,Date
La Jornada: Deportes,Récord de 96 mil asistentes para pelea Dubois contra Joshua hoy en Wembley,"Londres. Daniel Dubois, nueva estrella del boxeo mundial, y el dos veces campeón del orbe Anthony Joshua disputan hoy el cinturón de los pesos pesados de la Federación Internacional de Boxeo (FIB) ante una multitud récord de 96 mil personas en la catedral del futbol: Wembley.",Deportes,https://www.jornada.com.mx/2024/09/21/deportes/a09n2dep?partner=rss,21/09/2024
La Jornada: Deportes,"América  no está  para formar jugadores, dice Jardine","Siendo el América uno de los clubes que menos minutos ha dado a los juveniles, el timonel del plantel André Jardine se mostró en contra de la regla de menores, que tiene como intención impulsar a jóvenes talentos, al señalar que la prioridad en la Liga Mx es ganar el torneo y no la formación de jugadores en beneficio de la selección de México.",Deportes,https://www.jornada.com.mx/2024/09/21/deportes/a11n3dep?partner=rss,21/09/2024
La Jornada: Deportes,"Fátima Herrera, sin miedo a nada,  hizo historia en el ring de París 2024","El surgimiento de referentes en el deporte de mujeres comienza a forjar a nuevos talentos. Inspira-da en las proezas de Jackie Nava y Ana María Guerrera Torres, Fátima Herrera peleó por llegar a París 2024, donde hizo historia al convertirse en la primera boxeadora mexicana en conseguir una victoria en unos Juegos Olímpicos.",Deportes,https://www.jornada.com.mx/2024/09/21/deportes/a09n1dep?partner=rss,21/09/2024
La Jornada: Deportes,Pumas femenil deja escapar los tres puntos en CU,"Pese a generar diversas oportunidades de gol, Pumas no logró pa-sar del empate 0-0 ante Querétaro, con lo que dejó escapar valiosos puntos que le permitieran afianzarse en los primeros lugares de la clasificación general del torneo Apertura 2024 de la Liga Mx Femenil.",Deportes,https://www.jornada.com.mx/2024/09/21/deportes/a11n2dep?partner=rss,21/09/2024
La Jornada: Deportes,Cae dupla Zverev-Alcaraz,"La dupla Carlos Alcaraz-Alexander Zverev cayó ante la pareja estadunidense formada por Taylor Fritz y Ben Shelton, 7-6 (7/5) y 6-4, dejando el marcador 2-2 al final de la primera jornada en la Laver Cup, que se disputa en Berlín. Impulsada por Roger Federer en 2017, la competencia –una exhibición inspirada en la Ryder Cup de golf y llamada así en homenaje al jugador australiano Rod Laver– enfrenta a seis jugadores de Europa contra el mismo número de representantes del resto del mundo.",Deportes,https://www.jornada.com.mx/2024/09/21/deportes/a10n3dep?partner=rss,21/09/2024
La Jornada: Deportes,México pierde en penales ante las leyendas de la FIFA,"Con planteles repletos de figuras de otras épocas, los equipos de leyendas de la FIFA y el Monterrey protagonizaron un partido de exhibición que congregó a miles de personas en el estadio BBVA, actual casa de los Rayados y una de las sedes en México de la Copa del Mundo 2026. Andrea Pirlo, Dwayne de Rosario y Youri Djorkaeff marcaron por los internacionales, mientras los ex seleccionados tricolores Luis Hernández, Miguel Layún y Jorge Campos lograron el empate a tres. Ya en los penales, los representantes de FIFA se impusieron 5-4. Dada la inactividad de los participantes desde su retiro profesional, los organizadores ajustaron las dimensiones del terreno de juego. Entre las leyendas de la FIFA estuvieron el arquero Gianluigi Buffon, Alessandro del Piero, Didier Drogba, Carles Puyol, Xavi Hernández y Diego Forlán. Por México destacaron Oribe Peralta, Luis Hernádez, Jorge Campos, Guillermo Franco, Paul Aguilar y el técnico Bora Milutinovic.",Deportes,https://www.jornada.com.mx/2024/09/21/deportes/a27n2dep?partner=rss,21/09/2024
La Jornada: Deportes,Los Tuzos salen de su crisis; derrotan al Puebla de visita,"El Pachuca reordenó las piezas de su rompecabezas. Sin victorias en las fechas anteriores, los Tuzos volvieron a ganar en la Liga Mx al imponerse 3-2 al Puebla en el estadio Cuauhtémoc. Mucho tuvo que ver la debilidad defensiva de La Franja, pero más la contundencia de los delanteros Salomón Rondón y Nelson Deossa, quienes fueron figuras en el ataque.",Deportes,https://www.jornada.com.mx/2024/09/21/deportes/a11n1dep?partner=rss,21/09/2024
La Jornada: Deportes,Jaime Munguía regresa a lo grande  y gana por nocaut,"Jaime Munguía regresó al ring en plan grande. En una dura pelea contra el canadiense Erik Bazinyan, en Glendale, Arizona, el pugilista mexicano consiguió la victoria por la vía del nocaut en el décimo asalto, luego de un poderoso gancho con la mano izquierda que ocasionó el derrumbe de su rival. Bazinyan intentó pararse, recibió la cuenta del réferi, pero no encontró fuerza en las piernas y aceptó la derrota. El combate dejó en las manos del tijuanense el título de plata de peso supermediano del CMB. “Fue una pelea fuerte, pesada, pero en ningún momento Bazinyan me lastimó. Tuve que ir abriéndolo poco a poco. Ahora, queremos las mejores peleas. El siguiente año me gustaría enfrentar a Caleb Plant o Édgar Berlanga”, declaró Munguía, quien no peleaba desde su derrota ante el tapatío Saúl Canelo Álvarez.",Deportes,https://www.jornada.com.mx/2024/09/21/deportes/a27n1dep?partner=rss,21/09/2024
La Jornada: Deportes,"Verstappen, castigado  por lenguaje “grosero”; Norris lidera prácticas","Max Verstappen cayó de nuevo en la espiral de errores que persigue a Red Bull. En la jornada de ensayos libres del Gran Premio de Singapur, el tricampeón mundial de la Fórmula 1 logró el cuarto mejor tiempo en la primera ronda, pero luego se fue hasta el lugar 15, quejándose de la falta de adherencia de sus gomas. Quedó a 1.2 segundos del líder Lando Norris (McLaren), quien brilló en el circuito urbano de Mari-na Bay por delante del monegasco Charles Leclerc y Carlos Sainz (Ferrari). El mexicano Sergio Pérez se ubicó en el octavo puesto.",Deportes,https://www.jornada.com.mx/2024/09/21/deportes/a10n1dep?partner=rss,21/09/2024
La Jornada: Deportes,Ohtani desata euforia  de la prensa japonesa,"La proeza de Shohei Ohtani, quien se convirtió en el primer pelotero de Grandes Ligas con 50 jonrones y 50 bases robadas en una temporada, fue celebrada con ediciones extra de periódicos para que los aficio-nados leyeran en su camino al trabajo el viernes en Japón.",Deportes,https://www.jornada.com.mx/2024/09/21/deportes/a10n2dep?partner=rss,21/09/2024
La Jornada: Economía,Carlos Fernández-Vega: México SA,"Ernesto Zedillo fue uno    de los seis depredadores del Estado instalados en Los Pinos durante el régimen neoliberal y, al igual que los otros gerentes de la misma estirpe, se dedicó a entregar los bienes de la nación al gran capital. Si bien su sello sexenal fue el ilegal “rescate” de la banca, vía Fobaproa, este personaje que ahora intenta reivindicar la derecha autóctona fue más allá, siempre en contra de los intereses nacionales.",Economía,https://www.jornada.com.mx/2024/09/21/opinion/016o1eco?partner=rss,21/09/2024
La Jornada: Economía,La Reserva Federal de EU ya no es referente de la política monetaria global,"Los bancos centrales de diversos países realizaron una serie de movimientos en sus tasas de interés esta semana, encabezados por la Reserva Federal de Estados Unidos (Fed), que el miércoles recortó sus tasas de referencia por primera vez desde 2020.",Economía,https://www.jornada.com.mx/2024/09/21/economia/016n1eco?partner=rss,21/09/2024
La Jornada: Economía,Es innecesaria una reforma fiscal en el siguiente sexenio,El presidente Andrés Manuel López Obrador aseguró que no es necesaria una reforma fiscal en el futuro si se mantiene la fórmula de combate a la corrupción y una política de austeridad republicana.,Economía,https://www.jornada.com.mx/2024/09/21/economia/014n1eco?partner=rss,21/09/2024
La Jornada: Economía,Termina la semana el peso con pérdida de uno por ciento,"El peso cerró con un retroceso de uno por ciento esta semana, marcada por el anuncio de política monetaria del banco central de Estados Unidos y también afectado por la cautela de los inversionistas que aguardan el anuncio del Banco de México la próxima semana.",Economía,https://www.jornada.com.mx/2024/09/21/economia/014n2eco?partner=rss,21/09/2024
La Jornada: Economía,"BdeM recortará su tasa en un cuarto de punto, anticipa encuesta","Analistas económicos consultados por Citibanamex anticiparon un nuevo recorte de 0.25 puntos porcentuales en la tasa de interés de referencia del Banco de México (BdeM) en la reunión de la próxima semana, y estiman que se ubique en 10 por ciento al cierre de 2024.",Economía,https://www.jornada.com.mx/2024/09/21/economia/014n3eco?partner=rss,21/09/2024
La Jornada: Economía,"China, campo de batalla para Apple y Huawei con sus nuevos teléfonos de alta gama","Los nuevos modelos de Apple y Huawei salieron a la venta de manera simultánea este viernes en China, donde los usuarios hicieron largas filas para adquirir los dispositivos de alta gama de estas dos marcas que compiten en el mercado chino, uno de los más grandes e importantes para ambas compañías.",Economía,https://www.jornada.com.mx/2024/09/21/economia/016n2eco?partner=rss,21/09/2024
La Jornada: Economía,"Silvia Ribeiro*: Ayotzinapa, ni impunidad ni olvido","Sin saber su paradero, sin justicia y en un tortuoso camino de encubrimientos e impunidad, se cumplen este 26 se septiembre 10 años de la desaparición forzada de 43 estudiantes de la escuela normal Raúl Isidro Burgos en Ayotzinapa y el asesinato de seis personas, tres de ellos estudiantes.",Economía,https://www.jornada.com.mx/2024/09/21/economia/015a1eco?partner=rss,21/09/2024
La Jornada: Economía,Mexicana presenta el avión Embraer que se sumará a su flota en 2025,"Zumpango, Méx., Con el fin de consolidarse en la industria del transporte aéreo nacional, Mexicana de Aviación, la aerolínea del Estado mexicano, presentó el avión Embraer E195-E2, modelo del que se adquirieron 20 unidades y que la aerolínea empezará a recibir a partir de mayo de 2025.",Economía,https://www.jornada.com.mx/2024/09/21/economia/015n1eco?partner=rss,21/09/2024
La Jornada: Cultura,Lun representa en escena la magia de la infancia y el enigma de la existencia,"La magia de la infancia, el enigma de la existencia y los riesgos de la pérdida de memoria se entrelazan en Lun, propuesta escénica que llega al Teatro de las Artes del Centro Nacional de las Artes (Cenart), a partir de este fin de semana.",Cultura,https://www.jornada.com.mx/2024/09/21/cultura/a04n2cul?partner=rss,21/09/2024
La Jornada: Cultura,Develará AMLO estatua de Catarino Garza Rodríguez,"El próximo lunes, el presidente Andrés Manuel López Obrador inaugurará una estatua en honor del revolucionario Catarino Garza Rodríguez, precursor del alzamiento revolucionario contra la dictadura de Porfirio Díaz. En un video, definió a Garza Rodríguez como “idealista, soñador que, guardadas las circunstancias de cada uno, similar a Ernesto Che Guevara.”",Cultura,https://www.jornada.com.mx/2024/09/21/cultura/a05n2cul?partner=rss,21/09/2024
La Jornada: Cultura,Xalapa: indigna la destrucción de una escultura y su posterior uso como relleno en una zanja,"Coatl, escultura monumental de las ceramistas Rocío Sagaón (1933-2015) y Laura Navarro, ubicada en el parque Natura, en Xalapa, Veracruz, fue destruida y usada como relleno por una empresa, contratada por el gobierno que encabeza Cuitláhuac García Jiménez, para desarrollar el proyecto Naturalia, refugio para vida silvestre, que se instalará dentro del bosque urbano.",Cultura,https://www.jornada.com.mx/2024/09/21/cultura/a05n1cul?partner=rss,21/09/2024
La Jornada: Cultura,Ó: Instrucciones para salir del agua desmonta el mito de Ofelia con mirada feminista,"“Ser o no ser”, se escucha en escena. La famosa frase no la pronuncia Hamlet, sino una mujer que cuestiona si la opción es morir, dormir o tal vez soñar. Se trata de la propuesta escénica Ó: Instrucciones para salir del agua, en la que se conjuga teatro físico y danza para repensar al personaje shakesperiano Ofelia desde una mirada moderna y feminista. María Fernanda Baez interpreta el unipersonal que inició temporada en el teatro El Milagro.",Cultura,https://www.jornada.com.mx/2024/09/21/cultura/a04n1cul?partner=rss,21/09/2024
La Jornada: Cultura,Angélica Azuara recomienda La Jornada desde su trinchera: su puesto de periódicos,"Para Angélica Azuara, el puesto de periódicos donde trabaja desde hace 15 años es también su trinchera, en la que le ha tocado “evadir y recibir los dardos de la censura de sexenios anteriores, así como de las mentes panistas cerradas de hoy día”.",Cultura,https://www.jornada.com.mx/2024/09/21/cultura/a02n1cul?partner=rss,21/09/2024
La Jornada: Cultura,“Me quedaría corto al hablar de lo que significa La Jornada para México”,"Hace poco más de 40 años “había más periodismo, por decirlo de alguna manera, pues además de los grandes diarios, estaban otros como El Figaro, Cine Mundial, El Redondel, la segunda de Ovaciones, el Últimas Noticias, el Extra. Hoy es una cochinada, cualquiera es difusor de noticias y de no noticias; están por otros lados. Ante ese panorama, qué importante es que exista La Jornada, porque le da su lugar a los lectores”.",Cultura,https://www.jornada.com.mx/2024/09/21/cultura/a03n1cul?partner=rss,21/09/2024
Expansión - Economía,China sufre por exceso... de leche,"El mercado de leche en China enfrenta una situación complicada por el exceso de oferta, la baja demanda y las pérdidas millonarias.",Economía,https://expansion.mx/economia/2024/09/20/china-sufre-por-exceso-de-leche,20/09/2024
Expansión - Economía,"EU pide ""implementación rigurosa"" de plan de certificación de aguacate de México","Las ventas de aguacate mexicano a Estados Unidos se han disparado 48% desde 2019, hasta alcanzar un valor de más de 3,000 millones de dólares el año pasado.",Economía,https://expansion.mx/economia/2024/09/20/eu-implementacion-rigurosa-certificacion-aguacate-mexico,20/09/2024
Expansión - Economía,Banqueros piden evitar arbitraje regulatorio con licencias bancarias,El presidente de la ABM dijo que los productos que ofrece cada una de las instituciones financieras deben tener una regulación igual para mantener el incentivo de inversión en el país.,Economía,https://expansion.mx/economia/2024/09/20/banqueros-evitar-arbitraje-regulatorio-licencias-bancarias,20/09/2024
Expansión - Economía,Banqueros esperan que leyes secundarias de reforma judicial den certidumbre,"Tras la aprobación de la reforma al Poder Judicial,  los banqueros esperan que en las leyes secundarias se afinen detalles que permitan una reforma ""exitosa"".",Economía,https://expansion.mx/economia/2024/09/20/banqueros-leyes-secundarias-certidumbre-reforma-judicial,20/09/2024
Expansión - Economía,Slim critica el dinero que se gasta en los jubilados y pide combatir la pobreza,El hombre más rico de México dice que los recursos que reciben actualmente los mayores de 65 años debería usarse para sacar a 6 millones de personas de la pobreza extrema.,Economía,https://expansion.mx/economia/2024/09/20/carlos-slim-critica-jubilados-y-pensiones-mexico,20/09/2024
Expansión - Economía,Eliminación de subsidios a gasolinas impedirá bajas en sus precios,"La medida de disminución de los estímulos fiscales obedece más a la necesidad de incrementar la recaudación de impuestos para reducir el déficit fiscal, consideran especialistas.",Economía,https://expansion.mx/economia/2024/09/20/por-que-no-baja-el-precio-de-la-gasolina-en-mexico,20/09/2024
Expansión - Economía,México impugnará fallo que determina pago de 37 mdd a Odyssey Marine Exploration,"La empresa estadounidense ganó un arbitraje internacional contra México, pues se consideró que Semarnat negó arbitrariamente un permiso para un proyecto minero marino en Baja California Sur.",Economía,https://expansion.mx/economia/2024/09/19/mexico-impugnara-fallo-pago-de-37-mdd-odyssey-marine,19/09/2024
Expansión - Economía,El 24% de los créditos hipotecarios es cofinanciado con Infonavit y Fovissste,"La Asociación de Bancos de México dijo que de enero a julio de este año, 16,100 créditos que ha dado la banca han tenido cofinanciamiento con los institutos para trabajadores.",Economía,https://expansion.mx/economia/2024/09/19/creditos-hipotecarios-cofinanciados-infonavit-fovissste,19/09/2024
Expansión - Economía,"Yellen considera ""señal muy positiva"" recorte de tasas de la Fed","La medida ""refleja confianza de parte de la Fed en que la inflación cedió y está en camino hacia la meta de 2% (anual)"", expresó la secretaria del Tesoro de EU.",Economía,https://expansion.mx/economia/2024/09/19/yellen-considera-senal-muy-positiva-recorte-de-tasas-de-fed,19/09/2024
Expansión - Economía,La CNBV buscará regular reportes de ciberseguridad,El regulador busca que todas las empresas que ofrezcan un servicio financiero deban homologar los criterios para reportar cuando han sido víctimas de un ataque cibernético.,Economía,https://expansion.mx/economia/2024/09/19/la-cnbv-buscara-regular-reportes-de-ciberseguridad,19/09/2024
Expansión - Economía,Recorte de la Fed da margen de maniobra a Banco de México,"Tras la decisión de política monetaria del banco central estadounidense, Banxico tiene oportunidad de mantener el amplio diferencial de tasas, aseguran analistas.",Economía,https://expansion.mx/economia/2024/09/19/recorte-fed-margen-maniobra-banxico-politica-monetaria,19/09/2024
Expansión - Economía,Claudia Sheinbaum se reunirá con empresarios de Estados Unidos en octubre,"En medio de voces empresariales que dicen que las inversiones se han detenido por la reforma judicial, Marcelo Ebrard anunció la asistencia de la próxima presidenta de México en el CEO Dialogue.",Economía,https://expansion.mx/economia/2024/09/18/ebrard-anuncia-sheinbaum-reunion-empresas-de-eu,18/09/2024
Expansión - Economía,¿Dónde hay mayor brecha salarial por género en México?,"Banxico realizó un análisis de las brechas salariales de género en las regiones de México, los resultados demuestran que el norte es donde hay mayor diferencia de remuneración entre hombres y mujeres.",Economía,https://expansion.mx/economia/2024/09/18/brecha-salarial-por-genero-en-mexico,18/09/2024
Expansión - Economía,¿Por qué es importante tener un seguro para tu negocio?,"Un seguro no solo cubre los daños materiales, sino que también puede asegurar la continuidad de las operaciones en caso de un siniestro, destaca la AMIS.",Economía,https://expansion.mx/economia/2024/09/18/por-que-es-importante-tener-un-seguro-para-tu-negocio,18/09/2024
Expansión - Economía,Peligra economía de México si Trump gana y cumple con aranceles: Moody's,La agencia calificadora anticipa que la economía mexicana sufriría una recesión en 2025 y una mayor inflación.,Economía,https://expansion.mx/economia/2024/09/18/economia-de-mexico-peligra-recesion-si-gana-trump,18/09/2024
Expansión - Economía,"RappiCard alcanza los 5,107 millones de pesos en su cartera de crédito",La empresa resalta que parte de su estrategia es ofrecer un proceso de solicitud y aprobación en solo dos minutos y una entrega de la tarjeta física en 30 minutos.,Economía,https://expansion.mx/economia/2024/09/18/rappicard-alcanza-5107-mdp-cartera-de-credito,18/09/2024
Expansión - Economía,"Fed baja tasas medio punto porcentual; aduce ""confianza"" en control de inflación",Los responsables de la política monetaria prevén que el tipo de referencia de la Reserva Federal caiga otro medio punto porcentual a finales de este año.,Economía,https://expansion.mx/economia/2024/09/18/fed-baja-tasas-medio-punto-porcentual-aduce-confianza-en-control-de-inflacion,18/09/2024
Expansión - Economía,Mercado Pago recibe financiamiento de JP Morgan para apoyar a Pymes mexicanas,La plataforma logra un acuerdo con el banco de inversión de 250 millones de dólares para apoyar a pequeños negocios en el país.,Economía,https://expansion.mx/economia/2024/09/18/mercado-pago-recibe-financiamiento-de-jp-morgan,18/09/2024
Expansión - Economía,El número de súper ricos se dispara en Estados Unidos y China,La población China con al menos 100 millones de dólares en sus cuentas se ha duplicado en los últimos 10 años.,Economía,https://expansion.mx/economia/2024/09/18/paises-con-mas-super-ricos,18/09/2024
Expansión - Economía,Infonavit maneja 2.4 billones de pesos en activos: Carlos Martínez,"Los fondos del instituto han aumentado por los aumentos salariales, las mayores aportaciones patronales, la fiscalización a empresas, los programas de regularización de créditos.",Economía,https://expansion.mx/economia/2024/09/18/cuanto-dinero-maneja-el-infonavit,18/09/2024
Expansión - Economía,El impacto del nearshoring y las tendencias laborales según MetLife México,"La escasez de talento calificado, la importancia de beneficios competitivos y la necesidad de una cultura organizacional sólida son los principales desafíos a los que se enfrentan las empresas",Economía,https://expansion.mx/economia/2024/09/18/el-impacto-nearshoring-mexico-tendencias-laborales-metlife,18/09/2024
Expansión - Economía,"Sofipos ven oportunidades en su figura, a pesar de la migración bancaria","La Asociación Mexicana de Sofipos (AMS) considera que con una nueva regulación, las instituciones pueden seguir creciendo con ayuda de la regulación y la tecnología.",Economía,https://expansion.mx/economia/2024/09/18/sofipos-ven-oportunidades-en-su-figura-a-pesar-de-la-migracion-bancaria,18/09/2024
Expansión - Economía,Las Afores registran ganancias en agosto; las más altas en 9 meses,"Las Afores registraron plusvalías de 231,284.6 millones de pesos en agosto, el monto más alto desde noviembre del año pasado.",Economía,https://expansion.mx/economia/2024/09/17/afores-plusvalias-record-2024,17/09/2024
Expansión - Economía,Estos son las mercancías que más importa México desde el exterior,"Los países a los que más le compra México son Estados Unidos, que representa casi 43% del total de las importaciones, seguido por China, con 20% y Japón, con 3%.",Economía,https://expansion.mx/economia/2024/09/17/estos-son-las-mercancias-que-mas-importa-mexico-desde-el-exterior,17/09/2024
Expansión - Economía,"El SAT obtiene 191,506 mdp por eficiencia recaudatoria en 2024","La mayor eficiencia recaudatoria se debe principalmente a los programas Cumplimiento de Obligaciones, Vigilancia Profunda y Cobranza Coactiva.",Economía,https://expansion.mx/economia/2024/09/17/sat-obtiene-191-506-mdp-por-eficiencia-recaudatoria,17/09/2024
Expansión - Economía,Los Cetes reducen rendimiento previo a decisión de Banxico,"La próxima semana, el Banco de México (Banxico) dará a conocer su decisión de política monetaria y los Cetes disminuyeron los rendimientos en todos los plazos.",Economía,https://expansion.mx/economia/2024/09/17/rendimientos-cetes-disminuyen,17/09/2024
Expansión - Economía,El gobierno de Sheinbaum necesitará una nueva política para atraer inversiones,"Consumada la desaparición de ProMéxico, los esfuerzos por atraer inversión extranjera se dividieron. Los especialistas cuestionan si con un ente líder podría lograrse aún más.",Economía,https://expansion.mx/economia/2024/09/17/sheinbaum-y-nearshoring-fortalecer-inversion-extranjera,17/09/2024
Expansión - Economía,México y EU acuerdan que Sader supervise el aguacate para exportación,Los gobiernos de México y Estados Unidos acordaron esta transferencia de responsabilidades para agilizar el comercio.,Economía,https://expansion.mx/economia/2024/09/16/mexico-y-eu-acuerdan-que-sader-supervise-el-aguacate-para-exportacion,16/09/2024
Expansión - Economía,No todo es T-MEC; estos son los tratados comerciales que aguardan a Ebrard,"México tiene el potencial de ampliar y diversificar sus exportaciones, al menos en cinco tratados, además del que tiene con Estados Unidos y Canadá.",Economía,https://expansion.mx/economia/2024/09/16/no-todo-t-mec-otros-tratados-aguardan-marcelo-ebrard,16/09/2024
Expansión - Economía,"Instituciones de crédito en incertidumbre por la Reforma Judicial, dice Moody’s",Las pequeñas y medianas empresas enfrentarán una desaceleración en los créditos dada la falta de certeza jurídica para las instituciones financieras no bancarias.,Economía,https://expansion.mx/economia/2024/09/14/instituciones-credito-incertidumbre-reforma-judicial-moodys,14/09/2024
Expansión - Economía,Las sequías impactan el precio y peso de la carne de res: Banxico,El Banco de México destacó que las sequías provocan que los productores de carne sacrifiquen al ganado antes de tiempo para que no pierdan peso; lo que llega a provocar inflación en el mediano plazo.,Economía,https://expansion.mx/economia/2024/09/13/banxico-advierte-impacto-sequias-carne-de-res,13/09/2024
Expansión - Economía,HR Ratings baja previsión de crecimiento a 1.4% para México en 2024,"La agencia calificadora ve un ambiente de incertidumbre por el cambio de administración y las reformas de AMLO, por lo que también recortó su pronóstico para 2025.",Economía,https://expansion.mx/economia/2024/09/13/hr-ratings-baja-prevision-crecimiento-a-1-4-para-mexico,13/09/2024
Expansión - Economía,Gasolina Magna va por su segunda semana sin subsidios,"Durante la semana del 14 al 20 de septiembre, los consumidores pagarán 6.1752 pesos por el Impuesto Especial sobre Producción y Servicios (IEPS) por litro de gasolina regular.",Economía,https://expansion.mx/economia/2024/09/13/hacienda-quita-subsidio-gasolina-magna-segunda-semana,13/09/2024
Expansión - Economía,Banxico proyecta apogeo del nearshoring en México entre 2026 y 2030,"En una encuesta de Banco de México, el 41.3% de las empresas consultadas estima que el mayor beneficio del proceso de relocalización se dará durante ese periodo.",Economía,https://expansion.mx/economia/2024/09/13/banxico-proyecta-apogeo-del-nearshoring-en-mexico-entre-2026-y-2030,13/09/2024
Expansión - Economía,Fitch y S&P descartan degradar calificación de México por reforma judicial,Las agencias calificadoras ven finanzas sólidas y esperan una prudencia fiscal con Claudia Sheinbaum.,Economía,https://expansion.mx/economia/2024/09/12/descartan-degradar-calificacion-mexico-reforma-judicial,12/09/2024
Expansión - Economía,"Él es Antonio Martínez Dagnino, jefe del SAT en el gobierno de Sheinbaum","Antonio Martínez Dagnino llegó a la jefatura del SAT en octubre del 2022, luego de que Raquel Buenrostro pasara a tomar el liderazgo en la Secretaría de Economía.",Economía,https://expansion.mx/economia/2024/09/12/quien-es-antonio-martinez-dagnino,12/09/2024
Expansión - Economía,"De Pemex a Infonavit, él es Octavio Romero Oropeza","La presidenta electa, Claudia Sheinbaum, dio a conocer que Romero Oropeza estará al frente del Instituto del Fondo Nacional de la Vivienda para los Trabajadores.",Economía,https://expansion.mx/economia/2024/09/12/octavio-romero-oropeza-infonavit-pemex-claudia-sheinbaum,12/09/2024
Expansión - Economía,BBVA advierte que reforma al Poder Judicial socava el Estado de derecho,Un análisis del banco considera que las perspectivas de crecimiento económico de México también pueden deteriorarse.,Economía,https://expansion.mx/economia/2024/09/12/bbva-advertencia-reforma-poder-judicial,12/09/2024
Expansión - Economía,El papel de la economía del bienestar en los gobiernos modernos,"La economía del bienestar prioriza la salud y la felicidad de las personas, colocando estos valores al mismo nivel, o incluso por encima, de los indicadores económicos tradicionales como el PIB.",Economía,https://expansion.mx/economia/2024/09/12/el-papel-de-la-economia-del-bienestar-en-los-gobiernos-modernos,12/09/2024
Expansión - Economía,"Los salarios, programas sociales y remesas mantienen el consumo en México","Pese a la inflación y mayor tasa de interés, el consumo privado en México ha sido un pilar para la economía, pero a esta tendencia le queda poco tiempo, advierten analistas.",Economía,https://expansion.mx/economia/2024/09/12/inflacion-y-tasas-de-interes-consumo-en-mexico-se-mantiene,12/09/2024
Expansión - Economía,Moody's prevé que reforma judicial debilite la calidad crediticia de México,"Los cambios en el sistema judicial perjudicarían a las futuras inversiones en nearshoring, dice la agencia calificadora.",Economía,https://expansion.mx/economia/2024/09/11/moodys-reforma-judicial-calificacion-mexico,11/09/2024
Expansión - Economía,Coparmex advierte que reforma judicial afectará proyectos clave para la economía,"El organismo empresarial lamenta la aprobación en el Senado de la República, señaló que es una decisión que no tomó en cuenta las diferentes voces.",Economía,https://expansion.mx/economia/2024/09/11/reforma-judicial-coparmex,11/09/2024
Expansión - Economía,El peso mexicano se mantiene bajo las 20 unidades por dólar,"Tras la aprobación de la reforma judicial y la baja en la inflación en EU, la moneda se apreció 1.48% frente a las 20.09 unidades por dólar reportadas al cierre del martes.",Economía,https://expansion.mx/economia/2024/09/11/peso-mexicano-a-dolar-hoy-11-septiembre-cierre,11/09/2024
Expansión - Economía,México va a facilitar y respaldar inversiones de EU: Marcelo Ebrard,"Luego de aprobada la reforma judicial, el próximo secretario de Economía revivió y posteó un video en redes sociales en el que dice que la integración de las dos economías avanza a paso acelerado.",Economía,https://expansion.mx/economia/2024/09/11/marcelo-ebrard-facilitara-y-respaldara-inversiones-eu,11/09/2024
Expansión - Economía,La inversión extranjera cae en los estados más “atractivos” para el nearshoring,"La falta de energía eléctrica, escasez de agua y mano de obra, además de una infraestructura rebasada para el transporte le ponen freno a las decisiones de inversión.",Economía,https://expansion.mx/economia/2024/09/11/cae-inversion-extranjera-en-estados-norte-nearshoring,11/09/2024
Expansión - Economía,"Comce espera inversiones por 48,000 mdd, pese a reforma judicial","El presidente del Consejo Empresarial Mexicano de Comercio Exterior destacó que prevén que la Inversión Extranjera Directa cierre 2024 en 40,000 millones de dólares, 11% más respecto a 2023.",Economía,https://expansion.mx/economia/2024/09/10/comce-inversiones-reforma-judicial,10/09/2024
Expansión - Economía,"La inflación cede, pero Banxico enfrenta más retos para bajar tasa de interés",La volatilidad en el tipo de cambio generada por el avance de la reforma judicial representa un freno al banco central para  bajar la tasa de interés de referencia.,Economía,https://expansion.mx/economia/2024/09/10/inflacion-cede-banxico-enfrenta-retos-antes-de-bajar-tasas,10/09/2024
Expansión - Economía,Los rendimientos de los Cetes tocan su nivel más bajo desde enero,Los rendimientos de los Cetes a 28 días tuvieron la tasa más baja desde enero pasado ante la expectativa de que Banxico haga más recortes a la tasa de referencia.,Economía,https://expansion.mx/economia/2024/09/10/cetes-rendimiento-bajo-28-dias-caen,10/09/2024
Expansión - Economía,Mexico necesita una política industrial acorde a la economía actual: IMCO,"El centro de investigación apunta que en los últimos 20 años, el valor agregado a la producción de exportaciones manufactureras se ha estancado.",Economía,https://expansion.mx/economia/2024/09/10/mexico-politica-industrial-economia-imco,10/09/2024
Expansión - Tecnología,Esta es la audiencia que quiere conquistar el iPhone 16,"Apple es consciente de que muchos usuarios de iPhone 15 difícilmente van a renovar su smartphone, pero hay un segmento al que pueden seducir.",Tecnología,https://expansion.mx/tecnologia/2024/09/20/iphone-16-esta-es-la-audiencia-que-quiere-conquistar,20/09/2024
Expansión - Tecnología,Microsoft usará energía nuclear para alimentar su Inteligencia Artificial,El acuerdo entre Microsoft y Constellation Energy permitirá reactivar una unidad de la planta nuclear Three Mile Island para cubrir las crecientes necesidades energéticas.,Tecnología,https://expansion.mx/tecnologia/2024/09/20/microsoft-energia-nuclear-inteligencia-artificial,20/09/2024
Expansión - Tecnología,La ONU formula siete recomendaciones para regular la IA,La ONU creó el año pasado un órgano consultivo de 39 miembros para abordar los problemas de la regulación internacional de la IA.,Tecnología,https://expansion.mx/tecnologia/2024/09/20/la-onu-formula-siete-recomendaciones-para-regular-la-ia,20/09/2024
Expansión - Tecnología,El caso de Caliente TV: de anunciar apuestas a transmitir la Champions League,La compañía ha entrado a la ‘guerra del streaming deportivo’ para captar una parte de este nicho de mercado y con ello consolidar su principal negocio: las apuestas.,Tecnología,https://expansion.mx/tecnologia/2024/09/20/el-caso-de-caliente-tv-de-anunciar-apuestas-a-transmitir-la-champions-league,20/09/2024
Expansión - Tecnología,"La IA decide si eres o no apto para un trabajo, ¿qué hacer para que te vea?","Aunque la IA sí ha demostrado que puede ser una aliada en los espacios donde se aplica, los sesgos que puede presentar aún son un inconveniente.",Tecnología,https://expansion.mx/tecnologia/2024/09/20/la-ia-decide-si-eres-o-no-apto-para-un-trabajo-que-hacer-para-que-te-vea,20/09/2024
Expansión - Tecnología,Amazon Prime y MGM Studios se unen a la MPA,Las empresas de entretenimiento se unen a otras como Netflix o Paramount Pictures.,Tecnología,https://expansion.mx/tecnologia/2024/09/19/amazon-prime-y-mgm-studios-se-unen-a-la-mpa,19/09/2024
Expansión - Tecnología,Amazon lanza un nuevo bot que te ayudará a crecer las ventas,La empresa dio a conocer a Amelia para obtener los datos de venta e inventario de un negocio que está en la plataforma.,Tecnología,https://expansion.mx/tecnologia/2024/09/19/amazon-lanza-un-nuevo-bot-que-te-ayudara-a-crecer-las-ventas,19/09/2024
Expansión - Tecnología,PlayStation lanza edición limitada con aspecto noventero,"Esta consola evoca al aspecto del primer equipo, lanzado por Sony en 1994, y forma parte de la celebración por sus 30 años.",Tecnología,https://expansion.mx/tecnologia/2024/09/19/playstation-lanza-edicion-limitada-30-aniversario,19/09/2024
Expansión - Tecnología,Usuarios reportan que la alerta sísmica nunca llegó a sus celulares,El IFT había asegurado que hoy las empresas enviarían mensajes de emergencia por sismos pero nunca llegaron. Telcel asegura que las alertas dependen del regulador.,Tecnología,https://expansion.mx/tecnologia/2024/09/19/por-que-no-me-llego-mensaje-alerta-sismica-celular,19/09/2024
Expansión - Tecnología,TelevisaUnivision nombra como nuevo CEO a un exdirectivo de Google,"Se trata de Daniel Alegre, en sustitución de Wade Davis,  quien cuenta con una amplia experiencia en empresas de tecnología y trabajando con la comunidad hispana en EU, México y América Latina.",Tecnología,https://expansion.mx/tecnologia/2024/09/19/televisaunivision-nuevo-ceo-exdirectivo-de-google,19/09/2024
Expansión - Tecnología,Inversión en conectividad no caerá pese a política judicial: Neutral Networks,"El CEO de la compañía Neutral Networks, enfocada en infraestructura crítica, dijo que la necesidad de conectividad a nivel usuario como empresa será más fuerte que agendas políticas.",Tecnología,https://expansion.mx/tecnologia/2024/09/19/reforma-judicial-riesgo-confianza-invertir-telecomunicaciones,19/09/2024
Expansión - Tecnología,Nintendo y The Pokémon Company demandan al creador de Palworld,"Las empresas japonesas iniciaron una acción legal en contra de Pocketpair, debido a infracciones de patentes al desarrollar el llamado “Pokémon con armas”.",Tecnología,https://expansion.mx/tecnologia/2024/09/19/nintendo-y-the-pokemon-company-demandan-al-creador-de-palworld,19/09/2024
Expansión - Tecnología,TelevisaUnivisión sustituirá a Wade Davis como director general,La empresa decidió sustituir a Davis por Daniel Alegre debido a algunos de los resultados de la compañía que cayeron por debajo de las expectativas internas.,Tecnología,https://expansion.mx/tecnologia/2024/09/18/televisaunivision-sustituira-a-wade-davis-como-director-general,18/09/2024
Expansión - Tecnología,YouTube presenta IA para hacer videos y ganar ‘más’ dinero,La empresa llevo a cabo Made on YouTube un evento donde también señaló que el número de creadores que obtienen la mayor parte de sus ingresos viene de TV.,Tecnología,https://expansion.mx/tecnologia/2024/09/18/youtube-presenta-ia-para-hacer-videos-y-ganar-mas-dinero,18/09/2024
Expansión - Tecnología,La IA generativa transforma la operación y los ingresos empresariales,"El uso de IA generativa ha crecido en diversos sectores, impulsando la innovación y facilitando nuevas formas de operar en las organizaciones.",Tecnología,https://expansion.mx/tecnologia/2024/09/18/ia-generativa-transforma-operacion-e-ingresos-empresariales,18/09/2024
Expansión - Tecnología,Amazon agrega a PayPal como método de pago en pedidos de Comprar con Prime,"Esta nueva opción estará disponible para los usuarios que realicen compras en sitios web de terceros, con membresía Prime.",Tecnología,https://expansion.mx/tecnologia/2024/09/18/amazon-agrega-a-paypal-como-metodo-de-pago-prime,18/09/2024
Expansión - Tecnología,CFE Telecom perfila a nuevo CEO para impulsar el proyecto de internet,"Según dos fuentes con conocimiento del tema, al interior de la compañía se ha puesto sobre la mesa el nombre de Emiliano Calderón Mercado para ser el nuevo CEO de la estatal de telecomunicaciones.",Tecnología,https://expansion.mx/tecnologia/2024/09/18/nuevo-director-genera-general-de-cfe-telecom-quien-suena,18/09/2024
Expansión - Tecnología,"Google se salva de una multa antimonopolio de 1,670 mmd",El caso comenzó por un supuesto dominio anticompetitivo de la empresa en el mercado de la publicidad en línea.,Tecnología,https://expansion.mx/tecnologia/2024/09/18/google-se-salva-de-una-multa-presunto-monopolio,18/09/2024
Expansión - Tecnología,El e-commerce chino conquista las bolsas de valores,"Los dueños de Alibaba, Temu y JD conquistan el e-commerce del mundo, mientras diversifican sus negocios.",Tecnología,https://expansion.mx/tecnologia/2024/09/18/el-e-commerce-chino-conquista-las-bolsas-de-valores,18/09/2024
Expansión - Tecnología,¿Cómo funciona el canje de teléfonos de Mercado Libre?,"Mercado Libre lanzó un nuevo programa llamado Trade in smartphones, con el que puedes canjear tu antiguo celular por un modelo nuevo.",Tecnología,https://expansion.mx/tecnologia/2024/09/17/canje-de-telefonos-mercado-libre,17/09/2024
Expansión - Tecnología,Malware en Android permite retirar dinero desde cajeros automáticos,"NGate clona datos NFC de tarjetas de pago y los retransmite a un atacante, quien emula la tarjeta original para realizar retiros de dinero en cajeros automáticos.",Tecnología,https://expansion.mx/tecnologia/2024/09/17/malware-android-clona-tarjetas-retira-dinero-de-cajeros,17/09/2024
Expansión - Tecnología,"Uber y Didi operan en los mismos sitios del AICM, pese a restricciones",Los usuarios continúan pidiendo el servicio de taxis por aplicación y Uber apunta que continuará operando con regularidad.,Tecnología,https://expansion.mx/tecnologia/2024/09/17/uber-didi-operan-aicm-pese-a-restricciones,17/09/2024
Expansión - Tecnología,TikTok vs EU: una historia de antaño que no tiene fin claro,"Aunque la prohibición llegaría en enero de 2025, la empresa interpuso una demanda para evitar su restricción, mientras que los candidatos a la presidencia tampoco la quieren bloquear.",Tecnología,https://expansion.mx/tecnologia/2024/09/17/tiktok-vs-eu-una-historia-de-antano-que-no-tiene-fin-claro,17/09/2024
Expansión - Tecnología,Cómo crear un diario personal con la IA de WhatsApp,"La inteligencia artificial de WhatsApp, Meta AI, puede aprovecharse para realizar y simplificar diferentes tareas. Aquí te explicamos cómo crear un diario personal",Tecnología,https://expansion.mx/tecnologia/2024/09/17/diario-personal-ia-whatsapp,17/09/2024
Expansión - Tecnología,Alerta sísmica llegará a los teléfonos el próximo 19 de septiembre: IFT,"Telcel, AT&amp;T, Telefónica y Bait comenzarán a enviar notificaciones de emergencia  por sismos, huracanes o inundaciones en celulares.",Tecnología,https://expansion.mx/tecnologia/2024/09/17/ift-mensaje-celulares-simulacro-nacional,17/09/2024
Expansión - Tecnología,"iOS 18, qué incluye esta nueva versión y cómo actualizar tu iPhone","Aunque todavía no se ha integrado Apple Intelligence, esta actualización al sistema operativo integra una serie de mejoras.",Tecnología,https://expansion.mx/tecnologia/2024/09/17/ios-18-que-incluye-esta-nueva-version-y-como-actualizar-tu-iphone,17/09/2024
Expansión - Tecnología,Ahora los usuarios de Uber también deberán verificar su identidad,"Uber implementará una nueva verificación de identidad para los pasajeros, con el objetivo de ofrecer mayor seguridad a los conductores y evitar fraudes en la plataforma.",Tecnología,https://expansion.mx/tecnologia/2024/09/17/usuarios-de-uber-tambien-deberan-verificarse,17/09/2024
Expansión - Tecnología,Intel y Amazon firman acuerdo comercial y el mercado lo recibe bien,Las empresas de tecnología trabajarán en conjunto una coinversión en diseños de chip personalizados para el negocio de nube de la big tech: AWS.,Tecnología,https://expansion.mx/tecnologia/2024/09/17/intel-amazon-acuerdo-comercial-mercado-recibe-bien,17/09/2024
Expansión - Tecnología,OpenAI crea una junta de seguridad capaz de detener nuevos lanzamientos,"La empresa busca mejorar sus procesos de protección, confianza y transparencia en medio de la búsqueda de una nueva ronda de financiación multimillonaria.",Tecnología,https://expansion.mx/tecnologia/2024/09/17/openai-crea-una-junta-de-seguridad-capaz-de-detener-nuevos-lanzamientos,17/09/2024
Expansión - Tecnología,Instagram lanza cuenta para adolescentes con controles parentales,Los usuarios menores de 16 años sólo podrán recibir mensajes y ser etiquetados por cuentas a las que sigan o con las que ya estén conectados.,Tecnología,https://expansion.mx/tecnologia/2024/09/17/instagram-lanza-cuenta-para-adolescentes,17/09/2024
Expansión - Tecnología,¿El servicio al cliente en manos de la IA es mejor que los humanos?,Más de la mitad de los profesionales de servicio al cliente ya ocupan algún software impulsado por IA y se espera que continúe creciendo.,Tecnología,https://expansion.mx/tecnologia/2024/09/17/servicio-cliente-ia-es-mejor-que-los-humanos,17/09/2024
Expansión - Tecnología,Intel aplaza el proyecto para instalar fábricas en Alemania y Polonia,"El anuncio se presenta después de que se revelara que la empresa recibirá hasta 3,000 millones de dólares del gobierno estadounidense para fabricar semiconductores.",Tecnología,https://expansion.mx/tecnologia/2024/09/16/intel-aplaza-el-proyecto-para-instalar-fabricas-en-alemania-y-polonia,16/09/2024
Expansión - Tecnología,Amazon se despide del home office: sus empleados regresan a la oficina en 2025,"Las empresas han permitido que muchos empleados trabajen desde casa desde la pandemia, lo que ha dejado las oficinas casi vacías en varias ciudades como San Francisco y Seattle.",Tecnología,https://expansion.mx/tecnologia/2024/09/16/amazon-se-despide-del-home-office-sus-empleados-regresan-a-la-oficina-en-2025,16/09/2024
Expansión - Tecnología,Rappi considera debutar en la Bolsa de Nueva York en un año,"Rappi opera en nueve países de la región y es considerada como un unicornio tecnológico con una valoración que supera los 5,000 millones de dólares.",Tecnología,https://expansion.mx/tecnologia/2024/09/16/rappi-considera-debutar-en-la-bolsa-de-nueva-york-en-un-ano,16/09/2024
Expansión - Tecnología,TikTok y el Departamento de Justicia se enfrentan en los tribunales de EU,Los abogados de TikTok se enfrentarán al Departamento de Justicia en un tribunal de Washington sobre el destino de una ley que podría prohibir la aplicación de vídeos cortos.,Tecnología,https://expansion.mx/tecnologia/2024/09/16/tiktok-y-el-departamento-de-justicia-se-enfrentan-en-los-tribunales-de-eu,16/09/2024
Expansión - Tecnología,¿Cómo beneficiaría a Altán Redes la desaparición del IFT?,"Con la eliminación del IFT, el Ejecutivo tendría la facultad para adjudicar directamente espectro a Altán para el plan de cierre de brecha digital y para volverse  más competitiva ante AT&amp;T y Telcel.",Tecnología,https://expansion.mx/tecnologia/2024/09/14/como-beneficiaria-a-altan-redes-la-desaparicion-del-ift,14/09/2024
Expansión - Tecnología,Telefónica y Megacable aplican medidas de seguridad en Culiacán,Las compañías de telecomunicaciones decidieron modificar la operación de sus sucursales para garantizar la seguridad de sus trabajadores en la entidad que ha sido azotada por la violencia.,Tecnología,https://expansion.mx/tecnologia/2024/09/13/telefonica-y-megacable-aplican-medidas-de-seguridad-en-culiacan,13/09/2024
Expansión - Tecnología,"Intel logra acuerdo de 3,500 mdd para fabricar chips para el ejército","Se trata de un programa secreto, llamado Secure Enclave, que busca establecer la producción de chips avanzados con aplicaciones militares y de Inteligencia.",Tecnología,https://expansion.mx/tecnologia/2024/09/13/intel-logra-acuerdo-de-3-500-mdd-para-fabricar-chips-para-el-ejercito,13/09/2024
Expansión - Tecnología,Brasil desbloquea cuentas de Starlink y X tras transferencia de 3 mdd,El juez del Supremo Tribunal dijo que el levantamiento se ordenó porque la cantidad transferida a las arcas de Brasil alcanzaba el total que X debía al país en concepto de multas.,Tecnología,https://expansion.mx/tecnologia/2024/09/13/brasil-desbloquea-cuentas-starlink-x-transferencia-3-mdd,13/09/2024
Expansión - Tecnología,¿Cuánto me da Apple por mi iPhone para abonar en la compra de uno nuevo?,"El programa Trade In recibe equipos desde el iPhone SE 2020 hasta el 15 Pro Max, con una bonificación máxima de 20,000 pesos.",Tecnología,https://expansion.mx/tecnologia/2024/09/13/cuanto-me-da-apple-por-mi-iphone-compra-nuevo,13/09/2024
Expansión - Tecnología,Telmex suspende la atención de quejas y de Centros de servicios en Culiacán,"El Sindicato de Telefonistas dijo que debido a los enfrentamientos armados en la entidad, se decidió no abrir las tiendas, ni los centros de trabajo para resguardar la integridad de sus técnicos.",Tecnología,https://expansion.mx/tecnologia/2024/09/13/telmex-suspende-la-atencion-de-quejas-y-de-centros-de-servicios-en-culiacan,13/09/2024
Expansión - Tecnología,¿Cómo usar las nuevas funciones de texto de Instagram?,"Las nuevas herramientas de texto incluyen más fuentes y efectos, así como la posibilidad de agregar texto superpuesto en publicaciones del feed.",Tecnología,https://expansion.mx/tecnologia/2024/09/13/nuevas-herramientas-de-texto-instagram,13/09/2024
Expansión - Tecnología,Líderes tecnológicos  acudirán a la Casa Blanca para hablar de IA: CNN,Funcionarios de alto rango y líderes tecnológicos se darán cita para hablar de los recursos energéticos y la infraestructura necesarios para impulsar esta herramienta.,Tecnología,https://expansion.mx/tecnologia/2024/09/12/lideres-tecnologicos-casa-blanca-ia,12/09/2024
Expansión - Tecnología,"OpenAI lanza una nueva serie de modelos de IA con capacidad de ""razonamiento""",El modelo conocido internamente como strawberry tuvo altas calificaciones en pruebas de matemáticas y codificación. Pero la empresa reconoce que aún puede dar respuestas limitadas.,Tecnología,https://expansion.mx/tecnologia/2024/09/12/openai-lanza-una-nueva-serie-de-modelos-de-ia-con-capacidad-de-razonamiento,12/09/2024
Expansión - Tecnología,La UE ahora va por empresas de videojuegos,"Después de tener un foco en torno a las big tech, el organismo regulador busca esclarecer prácticas de compañías como Fortnite.",Tecnología,https://expansion.mx/tecnologia/2024/09/12/la-ue-ahora-va-por-empresas-de-videojuegos,12/09/2024
Expansión - Tecnología,"La escritura manual de código tiene los días contados, vaticina el CEO de NVIDIA","Jensen Huang explicó que sus 32,000 ingenieros de software estarán acompañados de 100 veces más asistentes digitales, las 24 horas del día, los 7 días de la semana.",Tecnología,https://expansion.mx/tecnologia/2024/09/12/ceo-nvidia-vaticina-escritura-codigo-tiene-dias-contados,12/09/2024
La Jornada: Deportes,"In extremis, las Águilas rescatan  valioso empate 1-1 ante el Necaxa","Con un gol agónico de Henry Martín, el América rescató un valioso empate 1-1 ante el Necaxa, con lo que hilvanó tres partidos sin conocer la derrota, ayer en due-lo correspondiente a la jornada nueve del torneo Apertura 2024 de la Liga Mx, disputado en el estadio Victoria, en Aguascalientes.",Deportes,https://www.jornada.com.mx/2024/09/22/deportes/a09n1dep?partner=rss,22/09/2024
La Jornada: Deportes,Dubois noquea a Joshua y retiene cetro de los pesados,"Londres. Daniel Dubois retuvo el título de los pesados de la Federación Internacional de Boxeo (FIB) al noquear en el quinto asalto al ex bicampeón Anthony Joshua, en la primera defensa de su cinturón realizada en el estadio de Wembley",Deportes,https://www.jornada.com.mx/2024/09/22/deportes/a11n2dep?partner=rss,22/09/2024
La Jornada: Deportes,Copa Laver,"El equipo del resto del mundo tomó ventaja de 8-4 en la Copa Laver sobre la selección de Europa. Los triunfos de los estadunidenses Taylor Fritz (en la imagen) y Frances Tiafoe contra el alemán Alexander Zverev y el ruso Daniil Medvedev, respectivamente, fueron fundamentales para que los comandados por John McEnroe tomaran la delantera en la justa que define hoy al campeón que acumule 13 puntos en Berlín.",Deportes,https://www.jornada.com.mx/2024/09/22/deportes/a10n3dep?partner=rss,22/09/2024
La Jornada: Deportes,"Cruz Azul, intratable; vence 1-0 a Chivas y afianza superliderato","Hay partidos que marcan la agenda de Cruz Azul. Después del clásico joven con el América, la rivalidad contra el Guadalajara tiene un valor especial. Con ese peso de un escenario importante, La Máquina volvió a cantar victoria en el estadio Ciudad de los Deportes (1-0) para mantenerse como único líder en la Liga Mx y seguir en carrera por el campeonato.",Deportes,https://www.jornada.com.mx/2024/09/22/deportes/a27n2dep?partner=rss,22/09/2024
La Jornada: Deportes,Gobierno de la CDMX premia a más de un millar de atletas locales,Más de un millar de atletas capitalinos fueron premiados ayer por su participación en los Juegos Nacionales Conade.,Deportes,https://www.jornada.com.mx/2024/09/22/deportes/a11n1dep?partner=rss,22/09/2024
La Jornada: Deportes,Leyendas del pancracio regresan a la Coliseo en el Día nacional del luchador,"Un hombre, en otras ocasiones una mujer, con una máscara sube al ring de la arena Coliseo, la afición lo ovaciona, no importa si es rudo o técnico, todos saben que está en ese cuadrilátero para arriesgar la vida en medio de uno de los espectáculos más vistosos, folclóricos y polémicos del deporte: la lucha libre. Místico, Octagón y Atlantis, leyendas de esta disciplina, fueron ayer representantes históricos en una función con motivo del Día nacional del luchador y la lucha libre.",Deportes,https://www.jornada.com.mx/2024/09/22/deportes/a27n1dep?partner=rss,22/09/2024
La Jornada: Deportes,"Jiménez, en plan goleador; brilla en triunfo del Fulham","Raúl Jiménez anotó de nuevo con el Fulham en la Liga Premier inglesa. El delantero mexicano, de 33 años, abrió el marcador en Craven Cottage ante el Newcastle United y encaminó la victoria por 3-1 en la quinta fecha.",Deportes,https://www.jornada.com.mx/2024/09/22/deportes/a10n1dep?partner=rss,22/09/2024
La Jornada: Deportes,"Norris consigue la pole  en el GP de Singapur; Checo, fuera del top-10","El mexicano Sergio Pérez (Red Bull) entró en un socavón. Arrancó des-de el fondo, esperanzado que sus neumáticos le ayudarían a remontar, pero terminó lejos de los dos pilotos que disputan el título mundial de la Fórmula 1 en la calificación al Gran Premio de Singapur. Ubicado en el lugar 13, el tapatío finalizó otra carrera poco memorable respecto del rendimiento de Lando Norris (McLaren) y el tricampeón mundial Max Verstappen, primero y segundo en la parrilla de salida, respectivamente.",Deportes,https://www.jornada.com.mx/2024/09/22/deportes/a10n2dep?partner=rss,22/09/2024
La Jornada: Economía,Para tomar en cuenta,"En la semana que inicia se darán a conocer diversos reportes, como inflación, ventas al menudeo, indicador de actividad económica, balanza comercial y anuncio de política monetaria, entre otros.",Economía,https://www.jornada.com.mx/2024/09/22/economia/015n3eco?partner=rss,22/09/2024
La Jornada: Economía,Impulsa la CRE infraestructura para autos eléctricos,"Las disposiciones administrativas en materia de electromovilidad emitidas por la Comisión Reguladora de Energía (CRE) no sólo impulsarán el desarrollo de la infraestructura para el uso de automóviles eléctricos e híbridos, sino también el ordenamiento en el Sistema Eléctrico Nacional (SEN), de acuerdo con el propio regulador.",Economía,https://www.jornada.com.mx/2024/09/22/economia/015n2eco?partner=rss,22/09/2024
La Jornada: Economía,"Joseph E. Stiglitz, Kevin P. Gallagher, Martín Guzmán y Marilou Uy Especial para La Jornada: El FMI debe poner fin a sus destructivos recargos",,Economía,https://www.jornada.com.mx/2024/09/22/economia/014a1eco?partner=rss,22/09/2024
La Jornada: Economía,EU prohibirá software y hardware chinos en vehículos,"Washington. El Departamento de Comercio de Estados Unidos propondría el lunes prohibir el software y hardware chinos en los vehículos conectados y autónomos en las carreteras del país debido a preocupaciones de seguridad nacional, dijeron fuentes a Reuters.",Economía,https://www.jornada.com.mx/2024/09/22/economia/014n1eco?partner=rss,22/09/2024
La Jornada: Economía,Cifras verdes,"* Como llave de los programas de planeación de ciudades inteligentes y verdes, la bicicleta ha recuperado relevancia en los proyectos urbanos.",Economía,https://www.jornada.com.mx/2024/09/22/economia/013n2eco?partner=rss,22/09/2024
La Jornada: Economía,Tribunal da 5 días a X para validar a su representante legal en Brasil,"Río de Janeiro., La red social X nombró un representante legal en Brasil, una de las exigencias para volver a funcionar en el país, pero seguirá suspendida hasta cumplir otros requisitos judiciales. El Tribunal Supremo de Brasil dio a la plataforma social X, propiedad de Elon Musk, cinco días para presentar documentos que validen a su nuevo representante legal en el país, mostró el sábado una decisión judicial.",Economía,https://www.jornada.com.mx/2024/09/22/economia/014n2eco?partner=rss,22/09/2024
La Jornada: Economía,"Seguridad energética, amenazada a nivel mundial por tensiones geopolíticas: WEF","La transición energética a nivel global observa avances, en particular en las economías desarrolladas, así como China y Brasil. No obstante, la equidad ha retrocedido y las tensiones geopolíticas causan incertidumbre en la seguridad energética, revela un informe del Foro Económico Mundial (WEF, por sus siglas en inglés).",Economía,https://www.jornada.com.mx/2024/09/22/economia/015n1eco?partner=rss,22/09/2024
La Jornada: Economía,El imperio de la bicicleta recupera terreno en Pekín,"Pekín. Un recién llegado a Pekín puede tener cierta paranoia, confundida con certeza, de que será atropellado. Más temprano que tarde un auto, bicicleta, motocicleta o triciclo podría darle un empujón y dejarle a un costado de la acera sobándose los raspones entre la risa y el asombro, buscando curitas en una tienda de conveniencia.",Economía,https://www.jornada.com.mx/2024/09/22/economia/013n1eco?partner=rss,22/09/2024
La Jornada: Cultura,"Manuel Ahumada, un dibujante “demasiado viejo para el punk, pero muy joven para morir”","Era “demasiado viejo para el punk, pero muy joven para morir”, dijo de Manuel Ahumada (1956-2014) Gonzalo Rocha, ambos moneros y colaboradores de La Jornada. “Un día se elevó de más y ahora nos mira desde el cosmos, acompañado por dioses aztecas, ángeles y astronautas del Apolo 11”, agregó en referencia al día que aquél falleció y a esos personajes que eran frecuentes en su imaginario y su obra.",Cultura,https://www.jornada.com.mx/2024/09/22/cultura/a05n1cul?partner=rss,22/09/2024
La Jornada: Cultura,Elena Poniatowska: El Grito,"En la madrugada del 16 de septiembre del 1810, el “Grito de Independencia”, que según la historia dio el cura Miguel Hidalgo y Costilla en el pueblo de Dolores, Guanajuato, rasgó el cielo e hizo que estallara el movimiento de Independencia.",Cultura,https://www.jornada.com.mx/2024/09/22/cultura/a04a1cul?partner=rss,22/09/2024
La Jornada: Cultura,Brasil! Brasil! revela una visión vibrante del Modernismo,"Berna. La exposición Brasil! Brasil!: The Birth of Modernism (¡Brasil! ¡Brasil!: El nacimiento del Modernismo0, inaugurada en el Zentrum Paul Klee, ofrece una visión vibrante de ese movimiento artístico en el país sudamericano a lo largo de la obra de 10 artistas, cinco de ellos autodidactas y poco conocidos internacionalmente. Varias de las 130 obras expuestas han salido de Brasil por primera vez. La muestra coincide temáticamente con la Bienal de Venecia, donde más de la mitad de los artistas aquí presentes también participan.",Cultura,https://www.jornada.com.mx/2024/09/22/cultura/a02n1cul?partner=rss,22/09/2024
La Jornada: Cultura,Secretario de Arte y Cultura de Morena rinde su informe de actividades,"El Secretario de Arte y Cultura del Comité Ejecutivo Nacional (CEN) de Morena, Tomás Pliego Calvo, indicó que por medio de la participación de las 22 comisiones estatales de arte y cultura, artistas, creadores, promotores, gestores culturales, colectivos y cooperativas, organizados a partir del plan de acción de la secretaría, “realizaron tareas y actividades en defensa de la Cuarta Transformación (4T), promoviendo una cultura incluyente y equitativa que luchó y lucha contra el clasismo, el racismo, el machismo y el fascismo”.",Cultura,https://www.jornada.com.mx/2024/09/22/cultura/a03n2cul?partner=rss,22/09/2024
La Jornada: Cultura,Entusiastas asistentes y la OSM festejaron en las Islas de CU 114 años de la UNAM,"El rugido puma resonó a todo volumen este sábado en las Islas de Ciudad Universitaria (CU), donde la Universidad Nacional Autónoma de México (UNAM) celebró su 114 aniversario con un concierto memorable a cargo de la Orquesta Sinfónica de Minería (OSM).",Cultura,https://www.jornada.com.mx/2024/09/22/cultura/a03n1cul?partner=rss,22/09/2024
Expansión - Economía,Carlos Slim critica el sistema de pensiones en México y pide combatir la pobreza,El hombre más rico de México dice que los recursos que reciben actualmente los mayores de 65 años debería usarse para sacar a 6 millones de personas de la pobreza extrema.,Economía,https://expansion.mx/economia/2024/09/22/carlos-slim-critica-pensiones,22/09/2024
Expansión - Economía,"Anuncios de inversión en México suman 59,900 mdd en primeros nueve meses de 2024",La Secretaría de Economía identifica 197 anuncios públicos entre enero y septiembre. Estados Unidos encabeza los anuncios.,Economía,https://expansion.mx/economia/2024/09/22/anuncios-de-inversion-en-mexico-suman-59-900-mdd-en-primeros-nueve-meses-de-2024,22/09/2024
Expansión - Tecnología,CFE Telecom perfila a nuevo CEO para impulsar el proyecto de internet,"Según dos fuentes con conocimiento del tema, al interior de la compañía se ha puesto sobre la mesa el nombre de Emiliano Calderón Mercado para ser el nuevo CEO de la estatal de telecomunicaciones.",Tecnología,https://expansion.mx/tecnologia/2024/09/22/cfe-telecom-perfila-nuevo-ceo,22/09/2024
Expansión - Tecnología,Cómo Caliente pasó de anunciar apuestas a transmitir la Champions League,La compañía ha entrado a la ‘guerra del streaming deportivo’ para captar una parte de este nicho de mercado y con ello consolidar su principal negocio: las apuestas.,Tecnología,https://expansion.mx/tecnologia/2024/09/22/caliente-champions-league,22/09/2024
La Jornada: Deportes,Dos olímpicos conquistan  Zúrich,"Los campeones olímpicos Remco Evenepoel (imagen) y Grace Brown conquistaron ayer las pruebas de contrarreloj en el Mundial de Ciclismo, que se celebra en Suiza. Mientras Brown, una australiana de 32 años, se proclamó campeona del mundo por primera vez tras quedar segunda en los últimos dos años, Evenepoel revalidó su título en 46.1 kilómetros en Zúrich, con un tiempo de 53 minutos y 2 segundos. El belga de 24 años competirá en la carrera de ruta el domingo.",Deportes,https://www.jornada.com.mx/2024/09/23/deportes/a12n3dep?partner=rss,23/09/2024
La Jornada: Deportes,Charlyn Corral logra doblete y mantiene el invicto de Pachuca; empata 3-3 con Chivas,"En un duelo vertiginoso, Charlyn Corral firmó un doblete para que Pachuca igualara 3-3 con Chivas y se mantuviera invicto en los primeros puestos, en la jornada once del torneo Clausura 2024 de la Liga Mx Femenil. Las Tuzas suman 29 unidades y estaban a la espera del duelo entre Tigres y Tijuana para confirmar el liderato, mientras las tapatías se ubicaron en el quinto puesto con 20 unidades en una de sus temporadas más irregulares.",Deportes,https://www.jornada.com.mx/2024/09/23/deportes/a09n2dep?partner=rss,23/09/2024
La Jornada: Deportes,"Pumas sufre de más, pero rescata victoria 1-0 con Xolos","Pumas sufrió de más, pero rescató este domingo el importante triunfo 1-0 ante los Xolos de Tijuana, resultado que lo catapultó a zona de liguilla, en duelo correspondiente a la jornada nueve del torneo Apertura 2024 de la Liga Mx, efectuado en el estadio Olímpico Universitario.",Deportes,https://www.jornada.com.mx/2024/09/23/deportes/a09n1dep?partner=rss,23/09/2024
La Jornada: Deportes,"Alcaraz da el triunfo decisivo para Europa, campeón de la Copa Laver",París. Europa conquistó ayer la Copa Laver de tenis ante el combinado del resto del mundo gracias a una victoria del español Carlos Alcaraz sobre Taylor Fritz en el último duelo de singles.,Deportes,https://www.jornada.com.mx/2024/09/23/deportes/a11n2dep?partner=rss,23/09/2024
La Jornada: Deportes,Jefes continúan invictos; superan 22-17 a Halcones,Atlanta. Patrick Mahomes lanzó un par de pases de anotación y la defensiva de Kansas City realizó un par de defensas tardías para mantener a los Jefes invictos al vencer 22-17 a los Halcones de Atlanta.,Deportes,https://www.jornada.com.mx/2024/09/23/deportes/a35n2dep?partner=rss,23/09/2024
La Jornada: Deportes,Tigres batallan para vencer al último lugar del torneo,"Tras un duelo que fue más complejo de lo esperado, Sebastián Córdova logró darle a Tigres el triunfo 1-0 sobre el sotanero Ciudad Juárez, en la jornada nueve del torneo Clausura 2024 de la Liga Mx. Con la victoria, los felinos escalaron al segundo puesto de la tabla general con 20 unidades, a dos puntos de diferencia del líder Cruz Azul.",Deportes,https://www.jornada.com.mx/2024/09/23/deportes/a35n1dep?partner=rss,23/09/2024
La Jornada: Deportes,"Dallas, de la esperanza a la frustración","Lamar Jackson y Baltimore resistieron un intento de remontada de Dallas, que llegó tarde. Con dos anotaciones del estelar mariscal de campo, los Cuervos derrotaron 28-25 a los Vaqueros en un encuentro marcado por el suspenso de los minutos finales.",Deportes,https://www.jornada.com.mx/2024/09/23/deportes/a11n1dep?partner=rss,23/09/2024
La Jornada: Deportes,Lando Norris supera a Verstappen en el Gran Premio de Singapur,"Singapur. Lando Norris sorteó un par de sustos con los muros al ganar con contundencia el Gran Premio de Singapur, aunque apenas pudo recortar siete puntos a la diferencia de Max Verstappen como líder del campeonato de la Fórmula Uno. El resultado para el mexicano Sergio Pérez fue completamente inesperado, al terminar en décimo lugar y con muchas dificultades para rebasar, con lo que se llevó el último punto que repartió esta carrera.",Deportes,https://www.jornada.com.mx/2024/09/23/deportes/a12n1dep?partner=rss,23/09/2024
La Jornada: Deportes,Tercer cuadrangular  del mexicano Jonathan  Aranda con Tampa Bay,"St. Petersburgo., El mexicano Jonathan Aranda pegó cuadrangular por tercer partido consecutivo con los Rays de Tampa Bay, que vencieron 4-3 a los Azulejos y completaron una barrida en serie de tres juegos.",Deportes,https://www.jornada.com.mx/2024/09/23/deportes/a12n2dep?partner=rss,23/09/2024
La Jornada: Deportes,Haaland marca su gol 100 en empate del City,"Erling Haaland marcó su gol 100 con el Manchester City. Para el delantero comparado con un androide, más que un número es historia pura. El noruego puso adelante a su equipo ante el Arsenal, que se quedó con 10 jugadores, pero también inspiró el empate 2-2 durante los últimos minutos, que John Stones se encargó de sentenciar.",Deportes,https://www.jornada.com.mx/2024/09/23/deportes/a10n1dep?partner=rss,23/09/2024
La Jornada: Deportes,Alerta por lesión de Santi Giménez,"El delantero mexicano Santiago Giménez encendió las alarmas del Feyenoord tras salir de cambio en la primera mitad del encuentro en el que su equipo superó 2-0 al NAC Breda en la Liga de Países Bajos. El tricolor tuvo una aparente molestia muscular, que no le permitió abandonar el campo por su propio pie y fue sustituido.",Deportes,https://www.jornada.com.mx/2024/09/23/deportes/a10n2dep?partner=rss,23/09/2024
La Jornada: Deportes,Marlene Santos Alejo: Balance de la jornada,"Por increíble que parezca,    los equipos millonetas y favoritos de la Liga Mx sufren hasta perder los estribos. América y Monterrey empatan a duras penas, mientras Cruz Azul gana por la mínima ventaja a unas Chivas que sólo consiguen sumar frente a los coleros… Pocas emociones regaló la fecha doble, en la que dieron la nota el quejoso André Jardine, timonel amarillo, e Ivar Sisniega, titular de la Federación Mexicana de Futbol, quien preocupado por las bajas entradas en Estados Unidos, pidió “transmitir mensajes positivos de apoyo a la selección”.",Deportes,https://www.jornada.com.mx/2024/09/23/opinion/a10o1dep?partner=rss,23/09/2024
La Jornada: Economía,"Afores ganan $ 8,359 mdp por gestionar ahorro de trabajadores","Las ganancias que obtuvieron las Administradoras de Fondos para el Retiro (Afore) en los primeros ocho meses de 2024 por cuidar los recursos pensionarios de millones de mexicanos aumentaron 32 por ciento de manera anual, con cifras al cierre de agosto pasado, revelan datos oficiales.",Economía,https://www.jornada.com.mx/2024/09/23/economia/021n1eco?partner=rss,23/09/2024
La Jornada: Economía,Enrique Galván Ochoa: Dinero,"La presidenta de la República    que tomará posesión el próximo martes, Claudia Sheinbaum Pardo, asistió al congreso nacional de Morena y dijo que no será un partido de Estado; habrá una distancia. Sin que nadie se lo pidiera abdicó al título de jefa de partido, quien ya es jefa de Gobierno, jefa de Estado y comandanta suprema de las fuerzas armadas. La organización guinda enarbolará la bandera de la 4T. Fue fundada por el presidente Andrés Manuel López Obrador. Ha anunciado mil veces que se retirará a su quinta de Palenque, donde, asegura, llevará una vida de aislamiento de la política y los políticos. Incluso no recibirá a amigos. Dos de su círculo más íntimo fueron elegidos para dirigir formalmente al partido: Luisa María Alcalde, como presidenta y Andrés Andy López Beltrán como secretario de Organización. Serán sus ojos y su voz.",Economía,https://www.jornada.com.mx/2024/09/23/opinion/006o1eco?partner=rss,23/09/2024
La Jornada: Economía,León Bendesky: El ejemplo,"El escritor inglés H.G. Wells apuntó que la Historia y la supervivencia misma dependen de una carrera entre la educación y la catástrofe. Esta idea es adecuada para reflexionar sobre cuestiones que hoy son relevantes como la persistente violencia que hay en el mundo, o bien, la incapacidad de la humanidad para contener la degradación del medio ambiente.",Economía,https://www.jornada.com.mx/2024/09/23/economia/023a1eco?partner=rss,23/09/2024
La Jornada: Economía,Mejoraron condiciones económicas de millones de hogares mexicanos,"La nueva política económica y social que puso en marcha el gobierno del presidente Andrés Manuel López Obrador, que concluye el 30 de septiembre, generó mejores condiciones económicas para millones de hogares mexicanos. Lo hizo a través de programas de transferencias a grupos específicos de población, al elevar las pensiones a adultos mayores y promover el crecimiento real de los salarios, principalmente, coinciden especialistas.",Economía,https://www.jornada.com.mx/2024/09/23/economia/023n1eco?partner=rss,23/09/2024
La Jornada: Economía,Concentra la manufactura el flujo de inversión extranjera: SE,"Entre enero de 2023 y septiembre de 2024, el sector privado realizó 575 anuncios de inversión en México por más de 170 mil 644 millones de dólares, revelan datos actualizados de la Secretaría de Economía (SE).",Economía,https://www.jornada.com.mx/2024/09/23/economia/021n2eco?partner=rss,23/09/2024
La Jornada: Economía,Economía del país transita sin crisis,&#160;,Economía,https://www.jornada.com.mx/2024/09/23/economia/022n1eco?partner=rss,23/09/2024
La Jornada: Economía,Alistan inauguración del Museo Vivo del Muralismo,"A pocos días del final del gobierno del presidente Andrés Manuel López Obrador, concluyeron las obras de restauración, rehabilitación y mantenimiento del Museo Vivo del Muralismo (MVM), que se prevé inaugurar esta semana en el edificio histórico de la Secretaría de Educación Pública (SEP), reconocido como patrimonio mundial de la Organización de Naciones Unidas para la Educación, la Ciencia y la Cultura (Unesco).",Economía,https://www.jornada.com.mx/2024/09/23/economia/015n1eco?partner=rss,23/09/2024
La Jornada: Economía,Carlos Fernández-Vega: México SA,"Los seis gerentes    neoliberales (de Miguel de la Madrid a Enrique Peña Nieto) depredaron el país para entregarlo al gran capital. Lo propio hicieron gobiernos anteriores, disfrazados de “herederos de la Revolución”, aunque ni lejanamente como lo hizo ese sexteto. Sólo para dar una idea, antes del primer sexenio neoliberal (1982-1988) el Estado participaba, de una u otra medida, en 86 por ciento de las ramas de actividad económica nacional.",Economía,https://www.jornada.com.mx/2024/09/23/opinion/022o1eco?partner=rss,23/09/2024
La Jornada: Economía,Denuncian competencia desleal de ambulantes en compraventa de divisas,"Los centros cambiarios, pequeños establecimientos para comprar y vender monedas hasta el equivalente a 10 mil dólares, enfrentan competencia desleal con entidades ambulantes que realizan la misma actividad, de acuerdo con la asociación que representa al sector.",Economía,https://www.jornada.com.mx/2024/09/23/economia/024n1eco?partner=rss,23/09/2024
La Jornada: Economía,David Márquez Ayala: Reporte económico,"Entre los múltiples logros de    la administración que ahora termina, la producción de alimentos y el avance en la autosuficiencia no es, desafortunadamente, uno de ellos. La producción de los cuatro granos básicos de la alimentación mexicana (maíz, trigo, frijol y arroz) ascendió en 2023 a 31.9 millones de toneladas, apenas 1.0% sobre la producción de 2018 (Gráfico 1). Por productos, en el periodo la producción de maíz aumentó 1%, y la de trigo 18.1, y decrecieron la de frijol –38.3% y la de arroz 11.2%.",Economía,https://www.jornada.com.mx/2024/09/23/opinion/024o1eco?partner=rss,23/09/2024
La Jornada: Cultura,De Anahit a María sale de Gran Bretaña a Armenia,"La exhibición Diosa Madre: De Anahit a María, realizada originalmente por el Museo Británico, fue prestada de manera exclusiva por seis meses al Museo de Historia de Armenia, ubicado en la ciudad de Yerevan. La muestra es una reflexión sobre el papel femenino y materno de las distintas deidades de variadas culturas. En la imagen, la cabeza de una estatua de bronce de la diosa Anahit, perteneciente a la cultura persa, que data del siglo I antes de Cristo.",Cultura,https://www.jornada.com.mx/2024/09/23/cultura/a05n2cul?partner=rss,23/09/2024
La Jornada: Cultura,La obra Nombres de combate reúne en el foro La Gruta historias de vida y resistencia,"Hay historias que merecen ser contadas, no sólo porque resultan dolorosas o heroicas, sino “porque son testimonios de vida, cariño y resistencia”, afirmó Martín López Brie, dramaturgo y director de Nombres de combate, obra documental que se presenta a partir de hoy en el foro La Gruta, tras haber enfrentado las dificultades propias de la pandemia.",Cultura,https://www.jornada.com.mx/2024/09/23/cultura/a05n1cul?partner=rss,23/09/2024
La Jornada: Cultura,Hermann Bellinghausen: Stravinski y la vendedora de discos,"La segunda parte de    los años 40 del siglo XX la Ciudad de México debió ser tranquila, optimista, promisoria. El cielo azul y limpio, sin sorprender a nadie, era lo normal desde siempre en la ciudad de los lagos, finalmente derrotados por nosotros, el futuro. Allí se hizo una familia de tantas, venida a menos, parecida a las que salían en las películas de los Soler, Pedro Infante y sobre todo Joaquín Pardavé. La conformaban seis varones y cuatro hembras. A tono con la época, los primeros eran la debilidad de la madre, y sus derechos del hombre, sagrados. Se contaban el alcohólico, el vividor, el perezoso, el que odiaba ser mexicano, el menor de edad y el único que estudió una carrera. Ninguno tenía la obligación de aportar a la casa, que como quiera se la pasaba en dificultades financieras; siempre estaban “arrancados”. Tampoco a mamá le gustaba el trabajo, y papá lo hacía de mala gana, no viendo la hora en que se iría de caza o a escuchar ópera y música clásica con sus amigos. Pronto comenzaría a recibir su pensión de burócrata.",Cultura,https://www.jornada.com.mx/2024/09/23/cultura/a04a1cul?partner=rss,23/09/2024
La Jornada: Cultura,"Murió Fredric Jameson, crítico del capitalismo  y referente del marxismo en EU","Fredric Jameson (1934), crítico, teórico y catedrático literario estadunidense, falleció este domingo a los 90 años, informó la editorial Verso Libros en sus redes sociales.",Cultura,https://www.jornada.com.mx/2024/09/23/cultura/a04n1cul?partner=rss,23/09/2024
La Jornada: Cultura,López Obrador inaugura en Veracruz el Centro Cultural Leyes de Reforma,"Veracruz, Ver., El presidente Andrés Manuel López Obrador inauguró ayer en el puerto de Veracruz el Centro Cultural Leyes de Reforma, y realizó un recorrido por la recién rehabilitada Casa Benito Juárez, espacios que abrirán sus puertas a los visitantes a partir de noviembre, mediante los cuales se busca generar una reflexión sobre las leyes más importantes publicadas en el siglo XIX.",Cultura,https://www.jornada.com.mx/2024/09/23/cultura/a02n1cul?partner=rss,23/09/2024
La Jornada: Cultura,Inmuebles patrimoniales son testigos permanentes  de la transición histórica,"Veracruz, Ver., Los recintos Casa Benito Juárez y el Centro Cultural Leyes de Reforma, en el Centro Histórico del puerto de Veracruz, inaugurados este fin de semana por el gobierno federal y que estarán abiertos al público a partir de noviembre, buscan promover el conocimiento del periodo histórico de la Reforma y de la importancia de su legado cívico en la sociedad actual.",Cultura,https://www.jornada.com.mx/2024/09/23/cultura/a03n1cul?partner=rss,23/09/2024
Expansión - Economía,Denuncian a Visa por monopolio en Estados Unidos,"El Departamento de Justicia de Estados Unidos busca denunciar a la empresa  por monopolio en el mercado de tarjetas de débito, de acuerdo con un reporte de Blomberg.",Economía,https://expansion.mx/economia/2024/09/23/denuncian-a-visa-por-monopolio-en-estados-unidos,23/09/2024
Expansión - Economía,Empresas de EU reactivarán anuncios de inversión; confían en Sheinbaum,"Tras detener un anuncio importante de inversión por la reforma judicial, la American Society of Mexico informó que en próximas fechas se retomará, pero con cautela.",Economía,https://expansion.mx/economia/2024/09/23/empresas-de-eu-reactivaran-anuncios-de-inversion-confian-en-sheinbaum,23/09/2024
Expansión - Economía,El endeudamiento de mexicanos en el exterior representa 35% del PIB,El Banco de México (Banxico) dio a conocer que en el segundo trimestre del año se redujo el endeudamiento del mundo desde el 42% reportado en el primer trimestre.,Economía,https://expansion.mx/economia/2024/09/23/deuda-de-mexicanos-en-el-exterior-representa-35-del-pib,23/09/2024
Expansión - Economía,Las auditorías dan ingresos por 3.5 billones de pesos al SAT,"De estos recursos, 1.426 billones de pesos se obtuvieron por auditorías a grandes contribuyentes, informa el fisco.",Economía,https://expansion.mx/economia/2024/09/23/auditorias-dan-al-sat-ingresos-por-3-5-billones-de-pesos,23/09/2024
Expansión - Economía,Economía mexicana crece 0.6% en julio,Las actividades primarias encabezaron el crecimiento económico del país durante el séptimo mes del año.,Economía,https://expansion.mx/economia/2024/09/23/economia-mexicana-crece-tercer-mes-consecutivo,23/09/2024
Expansión - Economía,Una jubilación digna se complica cada vez más para los mexicanos,"Una quinta parte de los empleados en el país contempla jubilarse a los 66 años o más, mientras que otro 86% admite ahorrar menos de lo que debería hacerlo en la actualidad.",Economía,https://expansion.mx/economia/2024/09/23/jubilacion-digna-se-complica-para-los-mexicanos,23/09/2024
Expansión - Economía,El plan de sustituir importaciones de Asia con el nearshoring se torna difícil,"En los primeros siete meses del año, las importaciones de México desde Asia alcanzaron los 141,219 millones de dólares; China representa 51% del total.",Economía,https://expansion.mx/economia/2024/09/23/plan-sustituir-importaciones-asia-nearshoring-dificil,23/09/2024
Expansión - Tecnología,Netflix y Prime Video de Amazon lideran quejas del streaming,"A agosto de este año, ambas empresas recibieron inconformidades por parte de los usuarios por cobros indebidos y alteración de precios, aseguró Profeco a Expansión a través de transparencia.",Tecnología,https://expansion.mx/tecnologia/2024/09/23/plataformas-de-streaming-con-mas-quejas-profeco,23/09/2024
Expansión - Tecnología,¿Qué son y cómo funcionan las nuevas categorías de Canales en WhatsApp?,"Con la nueva organización del directorio de Canales, WhatsApp pretende hacer más sencilla la navegación para los usuarios.",Tecnología,https://expansion.mx/tecnologia/2024/09/23/nuevas-categorias-de-canales-en-whatsapp,23/09/2024
Expansión - Tecnología,"Intel, el nuevo objeto del deseo en la industria tech","La empresa pionera de la industria de los chips ha sido objeto de nuevos rumores sobre una posible adquisición por parte de Qualcomm, así como inversiones de firmas de capital.",Tecnología,https://expansion.mx/tecnologia/2024/09/23/intel-el-nuevo-objeto-del-deseo-en-la-industria-tech,23/09/2024
Expansión - Tecnología,"India, el país que quiere ser potencia en la industria de semiconductores","Estados Unidos y la India anunciaron una alianza para construir una planta de chips en este país, algo que el gobierno de Biden definió como un “punto de inflexión”.",Tecnología,https://expansion.mx/tecnologia/2024/09/23/india-quiere-ser-potencia-en-la-industria-de-semiconductores,23/09/2024
Expansión - Tecnología,AMLO busca convertir a CFE Telecom en una empresa pública,"La iniciativa de reforma quiere que CFE TEIT sea la principal compañía en proveer internet a todo el país, respecto a sus competidores, cambiando su estatus de estatal a pública.",Tecnología,https://expansion.mx/tecnologia/2024/09/23/amlo-busca-convertir-a-cfe-telecom-en-una-empresa-publica,23/09/2024
La Jornada: Deportes,"Erick Sánchez, al quirófano",,Deportes,https://www.jornada.com.mx/2024/09/24/deportes/a12n3dep?partner=rss,24/09/2024
La Jornada: Deportes,Nadal vuelve a competir para liderar a España en la final de Copa Davis,"París. La leyenda del tenis Rafael Nadal, junto con el número tres mundial, Carlos Alcaraz, liderará a España en la Final 8 de la Copa Davis, anunció el equipo capitaneado por David Ferrer sobre el torneo que se disputará del 19 al 24 de noviembre, en Málaga.",Deportes,https://www.jornada.com.mx/2024/09/24/deportes/a11n2dep?partner=rss,24/09/2024
La Jornada: Deportes,Filis se coronan en el Este de la Nacional; terminan con el dominio de Bravos,"Filadelfia. Los Filis de Filadelfia ganaron la División Este de la Liga Nacional por primera vez desde 2011 y aseguraron ese título con una victoria por 6-2 sobre los Cachorros de Chicago. Además, terminaron con la racha de Bravos de Atlanta de coronarse durante seis temporadas consecutivas en esa división.",Deportes,https://www.jornada.com.mx/2024/09/24/deportes/a31n1dep?partner=rss,24/09/2024
La Jornada: Deportes,Salir del bache en natación será imposible con el modelo actual: Liliana Ibáñez,"Mientras el sistema deportivo mexicano se mantenga obsoleto y la lucha de egos entre las autoridades no se detenga, será imposible que la natación salga del bache en el que se encuentra desde hace décadas. Liliana Ibáñez, una de las más experimentadas en la disciplina, levantó la voz ante la profunda crisis que prevalece en el país.",Deportes,https://www.jornada.com.mx/2024/09/24/deportes/a11n1dep?partner=rss,24/09/2024
La Jornada: Deportes,Bills vence a Jaguares y se mantiene invicto,"Bills de Búfalo fueron comandados por el brazo exacto de Josh Allen para que se mantuvieran en el prestigioso cuadro de los cuatro invictos de la NFL. Ese combo de lujo está integrado por los Acereros, Jefes y Vikingos, todos sin conocer la derrota hasta la tercera semana de la temporada.",Deportes,https://www.jornada.com.mx/2024/09/24/deportes/a12n1dep?partner=rss,24/09/2024
La Jornada: Deportes,Vendaval de las americanistas; Águilas golean a Rayadas 4-2,"Monterrey tardó más de 70 minutos para meterse al partido. Cuando finalmente despertó, el América ya goleaba y tenía prácticamente el triunfo en la bolsa. El 4-2 sentenció la exhibición más desconcertante y paupérrima de las Rayadas en esta campaña. Los abucheos de su afición, más los rostros desencajados de cada jugadora en el terreno de juego, reflejaron la diferencia que existe respecto a las Águilas.",Deportes,https://www.jornada.com.mx/2024/09/24/deportes/a12n2dep?partner=rss,24/09/2024
La Jornada: Deportes,Hermanos Gutiérrez cumplieron su sueño en los Paralímpicos de París,"Cuando eran niños, los hermanos Raúl, Juan José y Jesús Gutiérrez disfrutaban de jugar futbol. A pesar de haber nacido con talla baja hacían gala de sus mejores pases en las calles de Irapuato, al tiempo que soñaban con representar a México a nivel internacional.",Deportes,https://www.jornada.com.mx/2024/09/24/deportes/a10n1dep?partner=rss,24/09/2024
La Jornada: Deportes,Del Toro finaliza en el lugar 12 en Mundial de Ciclismo,"El pedalista mexicano Isaac del Toro se ubicó en el lugar 12 de la prueba contrarreloj en la categoría Sub 23 del Mundial de Ciclismo de Ruta, que se disputa en Zurich.",Deportes,https://www.jornada.com.mx/2024/09/24/deportes/a10n2dep?partner=rss,24/09/2024
La Jornada: Economía,Carlos Fernández-Vega: México SA,"El de López Obrador es    el cuarto sexenio al hilo: Ricardo Salinas Pliego (marrullero, chantajista y hábil para maicear a los “impartidores de justicia”) logró evadir al fisco y mantener sin saldar sus voluminosos adeudos fiscales, que acumula desde principios de siglo. Al barón se le hizo fácil con Vicente Fox, Felipe Calderón y Enrique Peña Nieto, quienes todo le consintieron, le dejaron hacer lo que quiso, pero con el tabasqueño se topó con pared, aunque, juicio tras juicio y amparo tras amparo, pudo posponer el pago de sus obligaciones.",Economía,https://www.jornada.com.mx/2024/09/24/opinion/019o1eco?partner=rss,24/09/2024
La Jornada: Economía,Cotiza el peso prácticamente sin cambios a la espera del recorte de tasas del BdeM,"Ahora la incógnita en la política monetaria de México es sobre recorte a la tasa de referencia de un cuarto o medio punto porcentual, que el Banco de México (BdeM) despejará el jueves. Mientras tanto, el peso mexicano se operó ayer con cautela.",Economía,https://www.jornada.com.mx/2024/09/24/economia/019n2eco?partner=rss,24/09/2024
La Jornada: Economía,Enrique Galván Ochoa: Dinero,"Si se hubiera  cumplido el pronóstico de los chumeles en el sentido de que un gobierno de izquierda dilapidaría las reservas internacionales en dólares del Banco de México, hoy estarían en cero. Sin embargo, a días de que termine el gobierno del presidente Andrés Manuel López Obrador, marcan un nivel histórico de 225 mil 109 millones de dólares. Aumentaron en su sexenio en 51 mil 500 millones, si las comparamos con las que dejó el último presidente del priísmo (ver gráfica). Los temores chumelinos se avivaron cuando fue designada como gobernadora del banco central la joven economista Victoria Rodríguez Ceja, quien era funcionaria de la Secretaría de Hacienda; es decir, dependía directamente de AMLO. Según esto, el banco central se iba ir a pique, pero sucedió lo contrario. Más bien habría qué analizar el desempeño de los ex gobernadores Guillermo Ortiz y Agustín Carstens. En su tiempo, y con el argumento de mantener a flote la cotización del peso frente al dólar, estuvieron vendiendo dólares de las reservas a los bancos comerciales. Dato curioso: informaban la cuantía de la venta y su precio, pero no quiénes eran los compradores. Ese mecanismo drenó los recursos, de otro modo, tal vez, las reservas serían del doble de lo que son hoy. Por cierto, el INAI se negó a dar información a los ciudadanos que preguntaron sobre la identidad de los banqueros beneficiados.",Economía,https://www.jornada.com.mx/2024/09/24/opinion/006o1eco?partner=rss,24/09/2024
La Jornada: Economía,No hay inconstitucionalidad en cobro del SAT a empresas de Salinas Pliego: AMLO,"En la resolución de dos expedientes sobre la presunta evasión fiscal de empresas de Ricardo Salinas Pliego por un monto de 35 mil millones de pesos, el presidente Andrés Manuel López Obrador consideró que la Suprema Corte de Justicia de la Nación ya no puede involucrarse en el fondo del litigio toda vez que la instancia correspondiente confirmó que existe un adeudo fiscal de esas firmas con el Servicio de Administración Tributaria, y no hay ninguna posible interpretación de inconstitucionalidad.",Economía,https://www.jornada.com.mx/2024/09/24/economia/018n3eco?partner=rss,24/09/2024
La Jornada: Economía,"Con AMLO, mejoras a las raquíticas pensiones de gestiones pasadas","En el sexenio del presidente Andrés Manuel López Obrador, las pensiones de la llamada Generación Afore pasaron de apenas 30 por ciento del último salario del trabajador a un promedio mayor a 70 por ciento, producto de una serie de reformas legislativas que pusieron al centro al asalariado, situación que no había sucedido en otras administraciones.",Economía,https://www.jornada.com.mx/2024/09/24/economia/020n1eco?partner=rss,24/09/2024
La Jornada: Economía,Recauda el SAT en seis años 3.5 billones de pesos,"Durante el sexenio que está por concluir, el Servicio de Administración Tributaria (SAT) recaudó 3.5 billones de pesos mediante auditorías y promoción de cumplimiento, lo que representó 2.3 billones de pesos más que en el sexenio anterior y un crecimiento real de 120.2 por ciento a agosto de este año.",Economía,https://www.jornada.com.mx/2024/09/24/economia/017n2eco?partner=rss,24/09/2024
La Jornada: Economía,Miguel Pineda: Negocios  y empresas,"A diferencia de lo que    regularmente se piensa, no es la producción lo que marca el desarrollo sino la demanda creciente de bienes y servicios. Por ello, sociedad que no consume tiende a quedarse estancada.",Economía,https://www.jornada.com.mx/2024/09/24/opinion/018o1eco?partner=rss,24/09/2024
La Jornada: Economía,Se estanca la producción de granos en  el sexenio,"La producción de granos y oleaginosas en México se ha incrementado 37 por ciento desde la entrada en vigor del Tratado de Libre Comercio de América del Norte (TLCAN), actualmente Tratado México, Estados Unidos y Canadá (T-MEC), hasta la fecha; sin embargo, en este sexenio el crecimiento se ha estancado, revelan datos oficiales.",Economía,https://www.jornada.com.mx/2024/09/24/economia/017n1eco?partner=rss,24/09/2024
La Jornada: Economía,Repuntó en julio la economía: Inegi,"La economía mexicana creció más de lo esperado en julio, debido al incremento ‘inusual’ de los sectores agrícola, ganadero y pesca, reveló el Instituto Nacional de Estadística y Geografía (Inegi).",Economía,https://www.jornada.com.mx/2024/09/24/economia/019n1eco?partner=rss,24/09/2024
La Jornada: Economía,"Sin servicio de salud, 50.4 millones de mexicanos, afirma el Coneval","En México, 50.4 millones de personas carecen de acceso a servicios de salud, lo que representa 39.1 por ciento de la población, destacó Alida Marcela Gutiérrez Landeros, coordinadora general de análisis de pobreza del Consejo Nacional de Evaluación de la Política de Desarrollo Social (Coneval).",Economía,https://www.jornada.com.mx/2024/09/24/economia/018n1eco?partner=rss,24/09/2024
La Jornada: Economía,La SICT entrega 549 obras carreteras,"El programa carretero que echó a andar la administración del presidente Andrés Manuel López Obrador benefició a 55 millones de habitantes de forma directa. Además, las 549 obras realizadas, que representan 227 mil 464 millones de pesos, son casi uno por ciento del producto interno bruto (PIB), informó Jorge Nuño Lara, titular de la Secretaría de Infraestructura, Comunicaciones y Transportes (SICT).",Economía,https://www.jornada.com.mx/2024/09/24/economia/018n2eco?partner=rss,24/09/2024
La Jornada: Economía,"Acierto del SAT, las auditorías a grandes causantes: analistas",Fiscalizar primero a grandes contribuyentes y de ahí hacerlo con el resto de causantes fue una de las estrategias más exitosas del Servicio de Administración Tributaria (SAT) para evitar que los ingresos que sustentan el erario cayeran en esta administración.,Economía,https://www.jornada.com.mx/2024/09/24/economia/020n2eco?partner=rss,24/09/2024
La Jornada: Ciencias,Aterriza nave Soyuz tras una misión récord en la EEI,"Moscú. Una cápsula Soyuz que transportaba a dos cosmonautas rusosy una astronauta estadunidense desde la Estación Espacial Internacional aterrizó en Kazajstán, poniendo fin a una estadía récord para la pareja rusa.",Ciencias,https://www.jornada.com.mx/2024/09/24/ciencias/a06n2cie?partner=rss,24/09/2024
La Jornada: Ciencias,Científicos descubren que el coral es capaz de retener microplásticos,"Madrid. Una nueva técnica de detección de microplásticos descubrió que las tres partes de la anatomía del coral (mucosidad superficial, tejido y esqueleto) contienen esta clase de desechos artificiales.",Ciencias,https://www.jornada.com.mx/2024/09/24/ciencias/a06n1cie?partner=rss,24/09/2024
La Jornada: Cultura,La UNAM celebró 60 años de la fundación del Archivo Histórico,"La Universidad Nacional Autónoma de México (UNAM) celebró ayer el 60 aniversario de la fundación de su Archivo Histórico; además, se inauguró la exposición Archivo Histórico de la UNAM, ayer y hoy.",Cultura,https://www.jornada.com.mx/2024/09/24/cultura/a05n2cul?partner=rss,24/09/2024
La Jornada: Cultura,"Durante el sexenio fueron repatriadas 14 mil 48 piezas, destacan en la mañanera","En una de las últimas conferencias mañaneras presidenciales, funcionarios presentaron un balance de las acciones de recuperación de la memoria histórica y la preservación del patrimonio cultural, en el que se destacó la repatriación de 14 mil 48 piezas desde el extranjero.",Cultura,https://www.jornada.com.mx/2024/09/24/cultura/a05n1cul?partner=rss,24/09/2024
La Jornada: Cultura,Javier Aranda Luna: Kundera: la novela como desafío y rebeldía,"El 8 de diciembre de 1968, ese año recurrente en la historia del mundo, cuatro amigos se embarcaron en una expedición extraordinaria a Praga.",Cultura,https://www.jornada.com.mx/2024/09/24/cultura/a04a1cul?partner=rss,24/09/2024
La Jornada: Cultura,Vilma Fuentes: Entusiasmo y melancolía,"Encuentros deportivos como los Juegos Olímpicos o la Copa Mundial de futbol provocan amplios movimientos de entusiasmo que envidian los políticos y las estrellas de cine. Si nos detenemos unos segundos a observar el aumento de la pasión que suscitan a medida que se desarrollan, podríamos sentir curiosidad por sus causas.",Cultura,https://www.jornada.com.mx/2024/09/24/cultura/a04a2cul?partner=rss,24/09/2024
La Jornada: Cultura,Raúl Pineda saca luz de la oscuridad del dolor y la tragedia que atraviesan el país,"Traer luz desde la oscuridad es la labor del artista Raúl Pineda, quien con el don de la memoria fotográfica y excesiva persistencia con la técnica antigua de grabado a mezzotinta retrata el horror desencajado de la violencia en México.",Cultura,https://www.jornada.com.mx/2024/09/24/cultura/a02n1cul?partner=rss,24/09/2024
La Jornada: Cultura,Galardona el Inbal a tres “grandes artistas que tejieron el lienzo de la plástica mexicana”,"Entre ovaciones y vítores, la escultora Geles Cabrera (1926) y los pintores Arturo Estrada (1925) y Guillermo Monroy (1924) recibieron la Medalla Bellas Artes de Oro en Artes Visuales 2023 y 2024, en una ceremonia “histórica”, efectuada ayer en la sala Manuel M. Ponce del Palacio de Bellas Artes, encabezada por Lucina Jiménez, titular del Instituto Nacional de Bellas Artes y Literatura (Inbal).",Cultura,https://www.jornada.com.mx/2024/09/24/cultura/a03n2cul?partner=rss,24/09/2024
La Jornada: Cultura,Fotografiar es un pretexto para buscarme en los otros: Graciela Iturbide,"Arropada por una larga ovación, la fotógrafa Graciela Iturbide recibió la Medalla Bellas Artes de Oro 2024 en Artes Visuales, que otorga el Instituto Nacional de Bellas Artes y Literatura (Inbal), por sus icónicas imágenes, que conjugan lo documental y lo poético, y que forman parte esencial del acervo gráfico contemporáneo de México.",Cultura,https://www.jornada.com.mx/2024/09/24/cultura/a03n1cul?partner=rss,24/09/2024
Expansión - Economía,Mexicanos gastan 12% más en bebidas energéticas,Datos de Kantar muestran que en los últimos años ha aumentado tanto el número de litros comprados como el precio de este tipo de bebidas.,Economía,https://expansion.mx/economia/2024/09/24/mexicanos-gastan-12-mas-en-bebidas-energeticas,24/09/2024
Expansión - Economía,Trump amaga con arancel de 100% a autos que entren por la frontera con México,El candidato presidencial dijo que la única manera de que se libren de esa cuota es si quieren construir una planta en Estados Unidos.,Economía,https://expansion.mx/economia/2024/09/24/trump-amaga-arancel-100-autos-entren-frontera-mexico,24/09/2024
Expansión - Economía,"Cetes a dos años reducen rendimientos a un dígito, anticipa recorte de Banxico","Todos los plazos de los Cetes redujeron sus ganancias, pero el plazo de dos años ofrece la tasa más baja de 9.92%, a la espera de que Banxico haga un nuevo recorte.",Economía,https://expansion.mx/economia/2024/09/24/cetes-a-dos-anos-reducen-rendimientos-a-un-digito-anticipa-recorte-de-banxico,24/09/2024
Expansión - Economía,Openbank lanza su lista de espera para clientes mexicanos,Openbank México abre en su sitio web la lista de espera para aquellos usuarios que quieran acceder a la oferta de este nuevo banco digital.,Economía,https://expansion.mx/economia/2024/09/24/openbank-lanza-lista-de-espera-para-clientes-mexicanos,24/09/2024
Expansión - Economía,"Banco Mundial logra récord de 56,000 mdd en inversiones CFI","Para el ejercicio financiero que finalizará en julio de 2025, el Banco Mundial buscará centrar sus esfuerzos en infraestructura, particularmente en carreteras y transporte.",Economía,https://expansion.mx/economia/2024/09/24/banco-mundial-creditos-cfi-record-56-000-mdd,24/09/2024
Expansión - Economía,China presenta medidas de relajación monetaria para reactivar la economía,"El Banco Popular de China recortará el tipo de interés de las operaciones dobles a siete días en 0.2 puntos porcentuales, hasta el 1.5%.",Economía,https://expansion.mx/economia/2024/09/24/china-presenta-medidas-reactivacion-de-economia,24/09/2024
Expansión - Economía,"Inflación sigue a la baja, en la primera mitad de septiembre se ubicó en 4.66%","El índice subyacente terminó la primera quincena de septiembre en 3.95% y el no subyacente en 6.73%, de acuerdo con datos publicados por el Inegi.",Economía,https://expansion.mx/economia/2024/09/24/inflacion-en-mexico-sigue-a-la-baja-inpc-septiembre,24/09/2024
Expansión - Economía,"Fomentar vivienda de interés social y eliminar corrupción, retos del Infonavit","Analistas señalan que el instituto tiene pendientes en materia de avanzar en la digitalización y la agilización de trámites, así como en mejorar los rendimientos en la subcuenta de vivienda.",Economía,https://expansion.mx/economia/2024/09/24/pendientes-logros-infonavit,24/09/2024
Expansión - Tecnología,IFT prevé publicar nuevas medidas regulatorias para América Móvil en noviembre,El regulador tiene como obligación revisar cada dos años las medidas regulatorias de la compañía controlada por Carlos Slim para verificar si han generado competencia en las telecomunicaciones.,Tecnología,https://expansion.mx/tecnologia/2024/09/24/ift-preve-publicar-nuevas-medidas-regulatorias-america-movil,24/09/2024
Expansión - Tecnología,"El IFT pedirá 1,680 mdp de presupuesto pese a reforma para eliminar a autónomos",El regulador aseguró que la partida que solicitará a Hacienda es la misma que le fue aprobada para este año e incluso más baja si se toma en cuenta la inflación.,Tecnología,https://expansion.mx/tecnologia/2024/09/24/ift-pedira-1-680-mdp-de-presupuesto-pese-a-reforma,24/09/2024
Expansión - Tecnología,Meta sumará voces como la de John Cena a su chatbot,La nueva función de audio ofrecerá a los usuarios la opción de seleccionar una voz para su asistente digital.,Tecnología,https://expansion.mx/tecnologia/2024/09/24/meta-sumara-voces-como-la-de-john-cena-a-su-chatbot,24/09/2024
Expansión - Tecnología,"Microsoft confía en México; invertirá 1,300 mdd para ampliar su alcance en IA","El CEO de la compañía, Satya Nadella, destacó que este capital será para mejorar las capacidades de nube e IA en la región.",Tecnología,https://expansion.mx/tecnologia/2024/09/24/microsoft-invertira-1-300-mdd-mexico-ampliar-alcance-ia,24/09/2024
Expansión - Tecnología,Guía para elegir el mejor antivirus para tu celular,Los ataques a teléfonos inteligentes cada vez son más comunes y aquí te decimos qué debes tener en cuenta a la hora de elegir la mejor protección.,Tecnología,https://expansion.mx/tecnologia/2024/09/24/guia-para-elegir-el-mejor-antivirus-para-tu-celular,24/09/2024
Expansión - Tecnología,"La IA ayuda a las industrias a ahorrar hasta 35,000 dólares por hora","A través de diferentes sensores y softwares de IA, empresas como Tractian han logrado rastrear los sonidos de las máquinas e interpretarlas en posibles fallas técnicas.",Tecnología,https://expansion.mx/tecnologia/2024/09/24/asi-ayuda-ia-industrias-ahorrar-hasta-35-000-dolares,24/09/2024
