Source,Title,Content,Section,URL,Date,Normalized Content,Normalized Title
La Jornada: Deportes,Montes debuta con gol  en victoria del Lokomotiv,"El mexicano César Montes brilló con un gol en su debut inter-nacional con el club ruso Lokomotiv, mientras su compatriota Santiago Giménez sufrió con el Feyenoord en la Champions, donde el Barcelona se llevó una derrota sorpresiva ante el Mónaco.",Deportes,https://www.jornada.com.mx/2024/09/20/deportes/a11n2dep?partner=rss,20/09/2024,"mexicano César Montes brillar gol debut inter-nacional club ruso Lokomotiv , compatriota Santiago Giménez sufrir Feyenoord Champions , Barcelona llevar derrota sorpresivo Mónaco .",Montes debutar gol   victoria Lokomotiv
La Jornada: Deportes,América femenil apabulla 5-0,"América femenil goleó 5-0 al Santa Fe, de Panamá, en la Concachampions W. Sarah Luebbert (imagen) anotó el segundo tanto para su equipo.",Deportes,https://www.jornada.com.mx/2024/09/20/deportes/a31n1dep?partner=rss,20/09/2024,"América femenil golear 5-0 Santa Fe , Panamá , Concachampions W. Sarah Luebbert ( imagen ) anotar equipo .",América femenil apabulla 5-0
La Jornada: Deportes,Vela y Ochoa tienen “las puertas abiertas” para regresar al Tri: Aguirre,"Los experimentados Carlos Vela y Guillermo Ochoa tienen “las puertas abiertas” para regresar a la selección nacional, aseguró el técnico tricolor, Javier Vasco Aguirre, lue-go de que ambos jugadores volvieron recientemente a la actividad tras estar varios meses alejados de las canchas.",Deportes,https://www.jornada.com.mx/2024/09/20/deportes/a11n1dep?partner=rss,20/09/2024,"experimentado Carlos Vela Guillermo Ochoa “ puerta abierto ” regresar selección nacional , técnico tricolor , Javier Vasco Aguirre , lue-go jugador volver recientemente actividad mes alejado cancha .",Vela “ puerta abierto ” regresar Tri : Aguirre
La Jornada: Deportes,Homeless Cup: el futbol como herramienta de cambio social,"La vida en Ciudad Juárez se suele asociar con la violencia y el crimen organizado, aunque no es el único sendero. A veces el reto de dominar un balón puede cambiar todo, tal como le sucedió a Christian Méndez, quien vivió el “levantón” de su padre por la “pelea de las plazas” del narcotráfico en esa localidad y acompañó a su madre en la lucha contra el cáncer, para después convertirse en campeón con México en la Homeless World Cup 2016 y ahora es parte del cuerpo técnico de la selección en Seúl 2024.",Deportes,https://www.jornada.com.mx/2024/09/20/deportes/a12n1dep?partner=rss,20/09/2024,"vida Ciudad Juárez soler asociar violencia crimen organizado , único sendero . reto dominar balón cambiar , suceder Christian Méndez , vivir “ levantón ” padre “ pelea plaza ” narcotráfico localidad acompañar madre lucha cáncer , convertir él campeón México Homeless World Cup 2016 cuerpo técnico selección Seúl 2024 .",Homeless Cup : futbol herramienta cambio social
La Jornada: Deportes,Rayadas empatan y peligra su calificación a la Concachampions W,"Las Rayadas de Monterrey no pudieron pasar del empate sin goles ante el NJ/NY Gotham, campeón de la liga estadunidense NWSL, en la tercera jornada de la Concacaf W Champions. Las regiomontanas llegaron a cuatro unidades para ubicarse en el tercer puesto del Grupo A, y aunque toda-vía tienen posibilidades de avan-zar a la siguiente ronda, deben ganar el próximo partido y esperar una combinación de resultados.",Deportes,https://www.jornada.com.mx/2024/09/20/deportes/a12n2dep?partner=rss,20/09/2024,"Rayadas Monterrey poder pasar empate gol NJ / NY Gotham , campeón liga estadunidense NWSL , jornada Concacaf W Champions . regiomontana llegar unidad ubicar él tercer puesto Grupo , toda-vir posibilidad avan-zar ronda , ganar partido esperar combinación resultado .",Rayadas empatar peligrar calificación Concachampions W
La Jornada: Deportes,"Ohtani, primero en lograr 50 jonrones  y 50 robos en una misma temporada","Miami. Shohei Ohtani se consagró ayer como el primer jugador en la historia de las Grandes Ligas en conseguir 50 jonrones y 50 robos de base en una misma campaña, al brindar la actuación más espectacular de su carrera, con tres vuelacercas y un par de hurtos en el juego en que su equipo, los Dodgers de Los Ángeles, arrolló 20-4 a los Marlins de Miami.",Deportes,https://www.jornada.com.mx/2024/09/20/deportes/a10n1dep?partner=rss,20/09/2024,"Miami . Shohei Ohtani consagrar ayer jugador historia Ligas 50 jonrón 50 robo base campaña , brindar actuación espectacular carrera , vuelacerca par hurto juego equipo , Dodgers Ángeles , arrollar 20-4 Marlins Miami .","Ohtani , lograr 50 jonrón   50 robo temporada"
La Jornada: Deportes,Rodgers guía a los Jets a su segundo triunfo consecutivo,Aaron Rodgers busca competir al máximo nivel en una NFL conformada en su mayoría por mariscales jóvenes. El veterano pasador de los Jets de Nueva York comandó la ofensiva de su equipo para imponerse 24-3 a los Patriotas de Nueva Inglaterra y así conseguir su segunda victoria consecutiva de la temporada (2-1).,Deportes,https://www.jornada.com.mx/2024/09/20/deportes/a10n2dep?partner=rss,20/09/2024,aar Rodgers buscar competir máximo nivel NFL conformado mayoría mariscal joven . veterano pasador Jets York comandar ofensiva equipo imponer él 24-3 Patriotas Inglaterra victoria consecutivo temporada ( 2-1 ) .,Rodgers guir Jets triunfo consecutivo
La Jornada: Economía,Piden poner orden en aduanas antes de pretender aplicar cobros directos,"Antes de cobrar impuestos directamente en las aduanas a fin de elevar la recaudación tributaria, el próximo gobierno debe ordenar este sector e identificar todas las mercancías que están llegando al país sin pagar impuestos, advirtió Gabriel Llamas Monjardín, asesor de negocios.",Economía,https://www.jornada.com.mx/2024/09/20/economia/019n2eco?partner=rss,20/09/2024,"cobrar impuesto directamente aduana elevar recaudación tributario , gobierno ordenar sector identificar mercancía llegar país pagar impuesto , advertir Gabriel Llamas Monjardín , asesor negocio .",pedir orden aduana pretender aplicar cobro directo
La Jornada: Economía,Enrique Galván Ochoa: Dinero,"¿Cuál será el mayor desafío que enfrentará la próxima presidenta, Claudia Sheinbaum, a partir del primer día de octubre? Es el tema del sondeo de esta semana. Resultados en la gráfica.",Economía,https://www.jornada.com.mx/2024/09/20/opinion/006o1eco?partner=rss,20/09/2024,"¿ desafío enfrentar próximo presidenta , Claudia Sheinbaum , octubre ? tema sondeo semana . resultado gráfico .",Enrique Galván Ochoa : Dinero
La Jornada: Economía,La inflación de Japón se aceleró en agosto; marca 2.8% anual,"Tokio. La inflación en Japón –la tercera mayor economía del mundo– se aceleró ligeramente en agosto a 2.8 por ciento anual, una décima más que en el mes anterior, mostraron los datos publicados este viernes por el Ministerio de Interior.",Economía,https://www.jornada.com.mx/2024/09/20/economia/020n1eco?partner=rss,20/09/2024,"Tokio . inflación Japón – economía mundo – acelerar ligeramente agosto 2.8 ciento anual , décima mes , mostrar dato publicado viernes Ministerio Interior .",inflación Japón acelerar agosto ; marca 2.8% anual
La Jornada: Economía,IP ve respaldo de Sheinbaum a la inversión en el país,"Las inversiones no se verán afectadas por los cambios al Poder Judicial, pues el futuro gobierno de Claudia Sheinbaum Pardo ha expresado su respaldo al sector privado para que el capital crezca, reiteraron organismos de la iniciativa privada.",Economía,https://www.jornada.com.mx/2024/09/20/economia/017n2eco?partner=rss,20/09/2024,"inversión ver afectado cambio Judicial , futuro gobierno Claudia Sheinbaum Pardo expresar respaldo sector privado capital crecer , reiterar organismo iniciativa privado .",IP ver respaldo Sheinbaum inversión país
La Jornada: Economía,Biden celebra recorte a las tasas de interés en Estados Unidos,"Washington. El presidente de Estados Unidos, Joe Biden, dijo el jueves que la decisión de la Reserva Federal (Fed, banco central) de bajar las tasas de interés fue “una señal importante” de que la inflación ha disminuido, y agregó que las políticas económicas de Donald Trump fracasaron en el pasado y “volverán a fracasar” si se reactivan.",Economía,https://www.jornada.com.mx/2024/09/20/economia/019n3eco?partner=rss,20/09/2024,"Washington . presidente Unidos , Joe Biden , jueves decisión Reserva Federal ( Fed , banco central ) bajar tasa interés “ señal importante ” inflación disminuir , política económico Donald Trump fracasar “ volver fracasar ” reactivar .",Biden celebrar recorte tasa interés Unidos
La Jornada: Economía,Carlos Fernández-Vega: México SA,"El presidente López Obrador    recordó ayer uno de tantos oscuros capítulos del gobierno del “paladín de la justicia y la democracia”, el tal Ernesto Zedillo, quien “entregó la Procuraduría General de la República al Partido Acción Nacional”, concretamente, a Antonio Lozano Gracia, siempre de la mano del impresentable Diego Fernández de Cevallos, “uno de los dirigentes más famosos del conservadurismo; entonces ahí arreglaban todo. Y lo mismo pasó con el Poder Judicial”, pues a éste lo utilizaban “como moneda de cambio para hacer la alianza de los potentados” y “gobernar para las minorías”.",Economía,https://www.jornada.com.mx/2024/09/20/opinion/018o1eco?partner=rss,20/09/2024,"presidente López Obrador     recordar ayer oscuro capítulo gobierno “ paladín justicia democracia ” , Ernesto Zedillo , “ entregar Procuraduría General República Partido Acción Nacional ” , concretamente , Antonio Lozano Gracia , mano impresentable Diego Fernández Cevallos , “ dirigente famoso conservadurismo ; arreglar . pasar Judicial ” , utilizar “ moneda cambio alianza potentado ” “ gobernar minoría ” .",Carlos Fernández-Vega : México SA
La Jornada: Economía,Trabajadores tuvieron mayor “porcentaje del pastel”: SHCP,"Durante el sexenio del presidente Andrés Manuel López Obrador, uno de los pilares más importantes de su estrategia de gobierno fue que los trabajadores “tuvieran un mayor porcentaje del pastel”, lo que se reflejó en una considerable disminución en la pobreza laboral, aseguró Rodrigo Mariscal Paredes, titular de la Unidad de Planeación Económica en la Secretaría de Hacienda y Crédito Público (SHCP).",Economía,https://www.jornada.com.mx/2024/09/20/economia/017n1eco?partner=rss,20/09/2024,"sexenio presidente Andrés Manuel López Obrador , pilar importante estrategia gobierno trabajador “ tener porcentaje pastel ” , reflejar considerable disminución pobreza laboral , Rodrigo Mariscal Paredes , titular Unidad Planeación Económica Secretaría Hacienda Crédito Público ( SHCP ) .",Trabajadores tener “ porcentaje pastel ” : SHCP
La Jornada: Economía,Festejan mercados decisión de la Fed; rally en Wall Street,"Luego de que la Reserva Federal (Fed) de Estados Unidos comenzó el ciclo de baja de tasas de interés con un recorte de 0.50 puntos porcentuales, las bolsas globales aplaudieron que el banco central estadunidense será capaz de un “aterrizaje suave” para la mayor economía del mundo, más aún, que se podrá impulsar el crecimiento.",Economía,https://www.jornada.com.mx/2024/09/20/economia/019n1eco?partner=rss,20/09/2024,"Reserva Federal ( Fed ) Unidos comenzar ciclo baja tasa interés recorte 0.50 punto porcentual , bolsa global aplaudir banco central estadunidense capaz “ aterrizaje suave ” economía mundo , , impulsar crecimiento .",festejar mercado decisión Fed ; rally Wall Street
La Jornada: Economía,Inegi: reanuda su crecimiento la actividad económica,"El indicador oportuno de la actividad económica (IOAE) prevé que la economía mexicana reportó una mejoría en agosto, de la mano, principalmente, del sector servicios, reveló el Instituto Nacional de Estadística y Geografía (Inegi).",Economía,https://www.jornada.com.mx/2024/09/20/economia/017n3eco?partner=rss,20/09/2024,"indicador oportuno actividad económico ( IOAE ) prever economía mexicano reportar mejoría agosto , mano , principalmente , sector servicio , revelar Instituto Nacional Estadística Geografía ( Inegi ) .",Inegi : reanudar crecimiento actividad económico
La Jornada: Economía,Red social X acata orden judicial y deja de funcionar de nuevo en Brasil,"Brasilia. La red social X dejó de funcionar de nuevo en Brasil este jueves, después de que la justicia le ordenó prescindir del servicio de ciberseguridad que le permitió eludir su suspensión en el país, indicó el gremio de proveedores de Internet.",Economía,https://www.jornada.com.mx/2024/09/20/economia/018n1eco?partner=rss,20/09/2024,"Brasilia . red social X funcionar Brasil jueves , justicia ordenar prescindir servicio ciberseguridad permitir eludir suspensión país , gremio proveedor Internet .",Red social X acatar orden judicial dejar funcionar Brasil
La Jornada: Economía,Alemania busca formas de evitar recortes en VW: ministro de Economía,"Fráncfort. El gobierno alemán estudia la forma de ayudar a Volkswagen, aseveró este jueves el ministro de Economía y vicecanciller alemán, Robert Habeck, al preguntarle por la amenaza de recortes de plantilla en la mayor automotriz del país.",Economía,https://www.jornada.com.mx/2024/09/20/economia/018n2eco?partner=rss,20/09/2024,"Fráncfort . gobierno alemán estudiar forma ayudar Volkswagen , aseverar jueves ministro Economía vicecanciller alemán , Robert Habeck , preguntar él amenaza recorte plantilla automotriz país .",Alemania buscar forma evitar recorte VW : ministro Economía
La Jornada: Economía,Tendencia de consumo en Tokio,"Larga fila en una tienda del centro de Tokio para comprar el nuevo teléfono inteligente de Apple, el iPhone 16. A principios de este mes, Apple presentó los nuevos celulares creados para usar inteligencia artificial generativa, mientras busca impulsar las ventas y mostrar que se mantiene al día en la carrera tecnológica. Los precios de salida en Japón comienzan desde 124 mil 800 yenes (847 dólares) para el iPhone 16 estándar y alcanzan 189 mil 800 yenes (1,290 dólares) en el modelo Pro Max.",Economía,https://www.jornada.com.mx/2024/09/20/economia/020n2eco?partner=rss,20/09/2024,"largo fila tienda centro Tokio comprar teléfono inteligente Apple , iphone 16 . principios mes , Apple presentar celular creado inteligencia artificial generativo , buscar impulsar venta mostrar mantener carrera tecnológico . precio salida Japón comenzar 124 mil 800 yenes ( 847 dólares ) iphone 16 estándar alcanzar 189 mil 800 yenes ( 1.290 dólares ) modelo Pro Max .",Tendencia consumo Tokio
La Jornada: Economía,Julio Boltvinik: Economía moral,"György Márkus (GM) dice,    en la continuación del Apéndice 1 de Language and Production (véase entrega del 13/9/24), referida al método de Marx en los MEF ( Manuscritos de economía y filosofía de 1844) que es muy evidente que este programa y método de crítica filosófica no es otra cosa que el intento de transformación materialista y radicalización de la Fenomenología de Hegel. En ella las “formas de la conciencia” son remplazadas por tipos de individualidades tal como están determinadas por su lugar en el proceso de vida social material. El punto de partida de Hegel (‘certidumbre-sensorial’) se remplaza por la relación práctico-material del sujeto con el producto de su trabajo, y en lugar del acto del reconocimiento del mundo como externalización de la conciencia se sitúa ahora el programa práctico de la apropiación del mundo de las objetivaciones sociales por sus creadores por la transformación revolucionaria de la sociedad. Este método –al que GM llama fenomenología materialista (FM) y que reduce las relaciones de la vida social a la relación de un individuo históricamente representativo con su propia actividad– está atado al postulado de una relación no alienada entre individuo y sociedad, al entendimiento del comunismo como la reconciliación total entre existencia y esencia humanas, condiciones bajo las cuales cada individuo podrá apropiarse y realizar todas las Necesidades y Capacidades creadas y objetivadas. Comunismo designa la etapa del desarrollo histórico en la cual se alcanza la identidad práctica entre sociedad y persona. La FM significa la aplicación de estándares no alienados a un estado social alienado. GM concluye que la FM está atada a una concepción vaga y utópica del comunismo y que por ello en los MEF hay una tensión entre una orientación filosófica realista (que mantiene la idea de la finitud humana) y una orientación práctica utopista que aparece como la abolición completa de todas las fuentes posibles de conflictos sociales y como la satisfacción de todas las necesidades (N), invocando el fin de la historia. La presencia de esta tensión se aprecia mejor en la teoría de Marx del proletariado como sujeto y portador de la teoría crítica (TC). Según ésta, el proletariado está absolutamente alienado; no constituye del todo una clase de, ni en, la sociedad burguesa; no tiene intereses por realizar en ella. De modo que su actividad radical colectiva está necesariamente dirigida a trascender las condiciones generales de la alienación. Si no es una clase particular, es la clase universal. Pero, dice GM, el estado de absoluta alienación lo caracteriza Marx como una situación de completa deshumanización, de privaciones materiales e intelectuales tales, que resulta imposible contestar la pregunta:¿qué lo motiva, qué clase de impulsos prácticos pueden surgir de esta condición de existencia animal ( brute-like) para realizar la teoría socialista? No parece, concluye GM, que haya una estrategia sociopolítica capaz de cerrar esta brecha.",Economía,https://www.jornada.com.mx/2024/09/20/opinion/020o1eco?partner=rss,20/09/2024,"György Márkus ( GM ) ,     continuación Apéndice 1 Language and Production ( vea él entrega 13/9/24 ) , referido método Marx MEF ( Manuscritos economía filosofía 1844 ) evidente programa método crítica filosófico cosa intento transformación materialista radicalización Fenomenología Hegel . “ forma conciencia ” remplazar tipo individualidad determinado lugar proceso vida social material . punto partida Hegel ( ‘ certidumbre-sensorial ’ ) remplazar relación práctico-material sujeto producto trabajo , lugar acto reconocimiento mundo externalización conciencia situar programa práctico apropiación mundo objetivación social creador transformación revolucionario sociedad . método – GM llamar fenomenología materialista ( FM ) reducir relación vida social relación individuo históricamente representativo actividad – atado postulado relación alienado individuo sociedad , entendimiento comunismo reconciliación existencia esencia humano , condición individuo apropiar él Necesidades Capacidades creado objetivada . Comunismo designar etapa desarrollo histórico alcanzar identidad práctico sociedad persona . FM significar aplicación estándar alienado social alienado . GM concluir FM atado concepción vago utópico comunismo MEF tensión orientación filosófico realista ( mantener idea finitud humano ) orientación práctico utopista aparecer abolición completo fuente posible conflicto social satisfacción necesidad ( N ) , invocar historia . presencia tensión apreciar teoría Marx proletariado sujeto portador teoría crítico ( TC ) . , proletariado absolutamente alienado ; constituir clase , , sociedad burgués ; interés . actividad radical colectivo necesariamente dirigido trascender condición general alienación . clase particular , clase universal . , GM , absoluto alienación caracterizar Marx situación completo deshumanización , privación material intelectual , resultar imposible contestar pregunta:¿qué motivar , clase impulso práctico surgir condición existencia animal ( brute-like ) teoría socialista ? , concluir GM , estrategia sociopolítico capaz cerrar brecha .",Julio Boltvinik : Economía moral
La Jornada: Ciencias,Atención precoz de la apnea del sueño mejora el desarrollo de niños con síndrome de Down,"Madrid. El estudio clínico Respire 21, efectuado por el Instituto Jérôme Lejeune y el Hospital Necker-Enfants Malades, ambos con sede en París, demuestra que un diagnóstico muy precoz del síndrome de apnea obstructiva del sueño (AOS) y su tratamiento, en caso necesario, mejora el desarrollo neurocognitivo y conductual de los niños pequeños con síndrome de Down. Los resultados se publicaron en la revista Lancet Regional Health-Europe.",Ciencias,https://www.jornada.com.mx/2024/09/20/ciencias/a06n2cie?partner=rss,20/09/2024,"Madrid . estudio clínico Respire 21 , efectuado Instituto Jérôme Lejeune Hospital Necker-Enfants Malades , sede París , demostrar diagnóstico precoz síndrome apneo obstructivo sueño ( AOS ) tratamiento , caso necesario , mejorar desarrollo neurocognitivo conductual niño pequeño síndrome down . resultado publicar revista Lancet Regional Health-Europe .",Atención precoz apnea sueño mejorar desarrollo niño síndrome down
La Jornada: Ciencias,Alertan sobre plaga de mosca de la fruta que daña cultivos de aguacate en Michoacán,"La inusual propagación del insecto Neosilba batesi en cultivos de aguacate ha levantado una alerta entre científicos de la Universidad Michoacana de San Nicolás de Hidalgo y del Laboratorio de Tecnología Orgánica (LTO). Aunque aún es necesario hacer más investigaciones, inicialmente atribuyen esa proliferación a los efectos del cambio climático y la expansión de cultivos a zonas forestales.",Ciencias,https://www.jornada.com.mx/2024/09/20/ciencias/a06n1cie?partner=rss,20/09/2024,"inusual propagación insecto Neosilba batesi cultivo aguacate levantar alerta científico Universidad Michoacana San Nicolás Hidalgo Laboratorio Tecnología Orgánica ( LTO ) . necesario investigación , inicialmente atribuir proliferación efecto cambio climático expansión cultivo zona forestal .",Alertan plaga mosca fruta dañar cultivo aguacate Michoacán
La Jornada: Cultura,Festeja la Casa del Lago su aniversario 65 y dos décadas de Poesía en Voz Alta,"La Casa del Lago UNAM se prepara para celebrar dos hitos culturales: el 20 aniversario del Festival Poesía en Voz Alta (PVA) y los 65 años de este icónico espacio, fundamental en la escena artística de la Ciudad de México.",Cultura,https://www.jornada.com.mx/2024/09/20/cultura/a05n1cul?partner=rss,20/09/2024,"Casa Lago UNAM preparar celebrar hito cultural : 20 aniversario Festival Poesía Voz Alta ( PVA ) 65 año icónico espacio , fundamental escena artístico Ciudad México .",Festeja Casa Lago aniversario 65 década Poesía Voz Alta
La Jornada: Cultura,José Cueli: Sartre: palabras que se vuelven espadas,"En su libro La lógica del sentido (Paidós, 2011, página 354), el filósofo francés Guilles Deleuze cita la concepción de Tournier con evidentes ecos leibnizianos (la mónada como expresión del mundo), pero también ecos sartreanos. “La teoría de Sartre”, en El ser y la nada, es la primera gran teoría del otro, porque supera la alternativa: ¿el otro es un objeto (aunque fuese un objeto particular en el campo perceptivo), o bien es sujeto (aunque fuese otro sujeto para otro campo perceptivo)? Sartre es aquí el precursor del estructuralismo, pues es el primero en no haber considerado al otro como estructura propia o especificidad irreductible al objeto y al sujeto.",Cultura,https://www.jornada.com.mx/2024/09/20/cultura/a04a1cul?partner=rss,20/09/2024,"libro lógica sentido ( Paidós , 2011 , páginar 354 ) , filósofo francés Guilles Deleuze citar concepción Tournier evident eco leibniziano ( mónada expresión mundo ) , eco sartreano . “ teoría Sartre ” , , teoría , superar alternativa : ¿ objeto ( ser objeto particular campo perceptivo ) , sujeto ( ser sujeto campo perceptivo ) ? Sartre precursor estructuralismo , considerar estructura especificidad irreductible objeto sujeto .",José Cueli : Sartre : palabra volver espada
La Jornada: Cultura,"En Rats, Uróboros escenifica la lucha por la sobrevivencia diaria en las grandes urbes","La compañía Uróboros Escena lleva hoy al Teatro de la Ciudad Esperanza Iris la coreografía Rats, que surgió de la necesidad de enunciar las contradicciones y miserias que caracterizan a las grandes urbes, donde la lucha diaria por la supervivencia y la alienación social se entrelazan en un ciclo interminable de violencia y deshumanización.",Cultura,https://www.jornada.com.mx/2024/09/20/cultura/a04n1cul?partner=rss,20/09/2024,"compañía Uróboros Escena Teatro Ciudad Esperanza Iris coreografía Rats , surgir necesidad enunciar contradicción miseria caracterizar urbe , lucha diario supervivencia alienación social entrelazar ciclo interminable violencia deshumanización .","Rats , Uróboros escenificar lucha sobrevivencia diario urbe"
La Jornada: Cultura,Exhiben en Madrid joyas artísticas del acervo de Antonio Pérez Simón,"Madrid. De las más de 4 mil obras de arte que tiene la colección del empresario Antonio Pérez Simón, de origen español, afincado en México desde que era niño, viajaron a Madrid 70 de las más representativas y valiosas para formar parte de una exposición temporal en el recinto cultural CentroCentro, entre ellas algunas joyas de artistas como Rubens, El Greco, Canaletto, Goya, Van Gogh, Edvard Munch y de los mexicanos Frida Kahlo y Diego Rivera. Esta exposición es el primer paso para un proyecto a largo plazo y de mayor envergadura, que es la apertura de un espacio expositivo en la capital española que sea la “sede permanente” de ese valioso acervo.",Cultura,https://www.jornada.com.mx/2024/09/20/cultura/a02n1cul?partner=rss,20/09/2024,"Madrid . 4 mil obra arte colección empresario Antonio Pérez Simón , origen español , afincado México niño , viajar Madrid 70 representativo valioso formar exposición temporal recinto cultural CentroCentro , joya artista Rubens , Greco , Canaletto , Goya , Gogh , Edvard Munch mexicano Frida Kahlo Diego Rivera . exposición paso proyecto plazo envergadura , apertura espacio expositivo capital español “ sede permanente ” valioso acervo .",Exhiben Madrid joya artístico acervo Antonio Pérez Simón
La Jornada: Cultura,Penultimátum,"El próximo mes  se cumple el centenario de la fundación del surrealismo. En su texto de presentación André Breton proclamaba que “tanta fe se tiene en la vida, en su forma más precaria, que la fe acaba por desaparecer”.",Cultura,https://www.jornada.com.mx/2024/09/20/opinion/a04o1cul?partner=rss,20/09/2024,"mes   cumplir centenario fundación surrealismo . texto presentación André Breton proclamar “ fe vida , forma precario , fe acabar desaparecer ” .",Penultimátum
La Jornada: Cultura,La pianista Guadalupe Parrondo recibe la Medalla Bellas Artes de Oro 2023,"Al recibir anoche la Medalla Bellas Artes de Oro 2023 por su trayectoria musical, Guadalupe Parrondo corroboró, sin proponérselo, la descripción que hizo de ella su amigo y alumno Omar López, a quien correspondió leer la semblanza de la pianista en la ceremonia: que “su mundo es y ha sido siempre el piano; es un pacto, un matrimonio pleno, feliz y sin accidentes”.",Cultura,https://www.jornada.com.mx/2024/09/20/cultura/a03n2cul?partner=rss,20/09/2024,"recibir anoche Medalla Bellas Artes Oro 2023 trayectoria musical , Guadalupe Parrondo corroborar , proponérselo , descripción amigo alumno Omar López , corresponder leer semblanza pianista ceremonia : “ mundo piano ; pacto , matrimonio pleno , feliz accidente ” .",pianista Guadalupe Parrondo recibir Medalla Bellas Artes Oro 2023
La Jornada: Cultura,Valentín Rincón “capturó en su música lo maravilloso de crecer y descubrir el mundo”,"El fallecimiento del músico y compositor Valentín Rincón, el pasado martes, deja un hueco que va a ser muy difícil de llenar, comentaron a La Jornada familiares y amigos de quien fue artífice del grupo Los Hermanos Rincón, fundado en 1971.",Cultura,https://www.jornada.com.mx/2024/09/20/cultura/a03n1cul?partner=rss,20/09/2024,"fallecimiento músico compositor Valentín Rincón , martes , dejar hueco difícil llenar , comentar Jornada familiar amigo artífice grupo Hermanos Rincón , fundado 1971 .",Valentín Rincón “ capturar música maravilloso crecer descubrir mundo ”
Expansión - Economía,China sufre por exceso... de leche,"El mercado de leche en China enfrenta una situación complicada por el exceso de oferta, la baja demanda y las pérdidas millonarias.",Economía,https://expansion.mx/economia/2024/09/20/china-sufre-por-exceso-de-leche,20/09/2024,"mercado leche China enfrentar situación complicado exceso oferta , bajo demanda pérdida millonario .",China sufrir exceso ... leche
Expansión - Economía,"EU pide ""implementación rigurosa"" de plan de certificación de aguacate de México","Las ventas de aguacate mexicano a Estados Unidos se han disparado 48% desde 2019, hasta alcanzar un valor de más de 3,000 millones de dólares el año pasado.",Economía,https://expansion.mx/economia/2024/09/20/eu-implementacion-rigurosa-certificacion-aguacate-mexico,20/09/2024,"venta aguacate mexicano Unidos disparar 48% 2019 , alcanzar valor 3.000 millón dólares año .","EU pedir "" implementación riguroso "" plan certificación aguacate México"
Expansión - Economía,Banqueros piden evitar arbitraje regulatorio con licencias bancarias,El presidente de la ABM dijo que los productos que ofrece cada una de las instituciones financieras deben tener una regulación igual para mantener el incentivo de inversión en el país.,Economía,https://expansion.mx/economia/2024/09/20/banqueros-evitar-arbitraje-regulatorio-licencias-bancarias,20/09/2024,presidente ABM producto ofrecer institución financiero regulación mantener incentivo inversión país .,Banqueros pedir evitar arbitraje regulatorio licencia bancario
Expansión - Economía,Banqueros esperan que leyes secundarias de reforma judicial den certidumbre,"Tras la aprobación de la reforma al Poder Judicial,  los banqueros esperan que en las leyes secundarias se afinen detalles que permitan una reforma ""exitosa"".",Economía,https://expansion.mx/economia/2024/09/20/banqueros-leyes-secundarias-certidumbre-reforma-judicial,20/09/2024,"aprobación reforma Judicial ,   banquero esperar ley secundario afinar detalle permitir reforma "" exitoso "" .",banquero esperar ley secundaria reforma judicial dar certidumbre
Expansión - Economía,Slim critica el dinero que se gasta en los jubilados y pide combatir la pobreza,El hombre más rico de México dice que los recursos que reciben actualmente los mayores de 65 años debería usarse para sacar a 6 millones de personas de la pobreza extrema.,Economía,https://expansion.mx/economia/2024/09/20/carlos-slim-critica-jubilados-y-pensiones-mexico,20/09/2024,hombre rico México recurso recibir actualmente mayor 65 año deber usar él sacar 6 millón persona pobreza extremo .,Slim criticar dinero gastar jubilado pedir combatir pobreza
Expansión - Economía,Eliminación de subsidios a gasolinas impedirá bajas en sus precios,"La medida de disminución de los estímulos fiscales obedece más a la necesidad de incrementar la recaudación de impuestos para reducir el déficit fiscal, consideran especialistas.",Economía,https://expansion.mx/economia/2024/09/20/por-que-no-baja-el-precio-de-la-gasolina-en-mexico,20/09/2024,"medida disminución estímulo fiscal obedecer necesidad incrementar recaudación impuesto reducir déficit fiscal , considerar especialista .",eliminación subsidio gasolina impedir baja precio
Expansión - Economía,México impugnará fallo que determina pago de 37 mdd a Odyssey Marine Exploration,"La empresa estadounidense ganó un arbitraje internacional contra México, pues se consideró que Semarnat negó arbitrariamente un permiso para un proyecto minero marino en Baja California Sur.",Economía,https://expansion.mx/economia/2024/09/19/mexico-impugnara-fallo-pago-de-37-mdd-odyssey-marine,20/09/2024,"empresa estadounidense ganar arbitraje internacional México , Semarnat negar arbitrariamente permiso proyecto minero marino Baja California Sur .",México impugnacer fallo determinar pago 37 mdd Odyssey Marine Exploration
Expansión - Economía,El 24% de los créditos hipotecarios es cofinanciado con Infonavit y Fovissste,"La Asociación de Bancos de México dijo que de enero a julio de este año, 16,100 créditos que ha dado la banca han tenido cofinanciamiento con los institutos para trabajadores.",Economía,https://expansion.mx/economia/2024/09/19/creditos-hipotecarios-cofinanciados-infonavit-fovissste,19/09/2024,"Asociación Bancos México enero julio año , 16.100 crédito banca cofinanciamiento instituto trabajador .",24% crédito hipotecario cofinanciar Infonavit Fovissste
Expansión - Economía,"Yellen considera ""señal muy positiva"" recorte de tasas de la Fed","La medida ""refleja confianza de parte de la Fed en que la inflación cedió y está en camino hacia la meta de 2% (anual)"", expresó la secretaria del Tesoro de EU.",Economía,https://expansion.mx/economia/2024/09/19/yellen-considera-senal-muy-positiva-recorte-de-tasas-de-fed,19/09/2024,"medida "" reflejar confianza Fed inflación ceder camino meta 2% ( anual ) "" , secretaria Tesoro EU .","Yellen "" señal positivo "" recorte tasa Fed"
Expansión - Economía,La CNBV buscará regular reportes de ciberseguridad,El regulador busca que todas las empresas que ofrezcan un servicio financiero deban homologar los criterios para reportar cuando han sido víctimas de un ataque cibernético.,Economía,https://expansion.mx/economia/2024/09/19/la-cnbv-buscara-regular-reportes-de-ciberseguridad,19/09/2024,regulador buscar empresa ofrecer servicio financiero der homologar criterio reportar víctima ataque cibernético .,CNBV buscar regular report ciberseguridad
Expansión - Economía,Recorte de la Fed da margen de maniobra a Banco de México,"Tras la decisión de política monetaria del banco central estadounidense, Banxico tiene oportunidad de mantener el amplio diferencial de tasas, aseguran analistas.",Economía,https://expansion.mx/economia/2024/09/19/recorte-fed-margen-maniobra-banxico-politica-monetaria,19/09/2024,"decisión política monetario banco central estadounidense , Banxico oportunidad mantener amplio diferencial tasa , asegurar analista .",Recorte Fed margen maniobra Banco México
Expansión - Economía,Claudia Sheinbaum se reunirá con empresarios de Estados Unidos en octubre,"En medio de voces empresariales que dicen que las inversiones se han detenido por la reforma judicial, Marcelo Ebrard anunció la asistencia de la próxima presidenta de México en el CEO Dialogue.",Economía,https://expansion.mx/economia/2024/09/18/ebrard-anuncia-sheinbaum-reunion-empresas-de-eu,18/09/2024,"voz empresarial inversión detener reforma judicial , Marcelo Ebrard anunciar asistencia próximo presidenta México CEO Dialogue .",Claudia Sheinbaum reunir empresario Unidos octubre
Expansión - Economía,¿Dónde hay mayor brecha salarial por género en México?,"Banxico realizó un análisis de las brechas salariales de género en las regiones de México, los resultados demuestran que el norte es donde hay mayor diferencia de remuneración entre hombres y mujeres.",Economía,https://expansion.mx/economia/2024/09/18/brecha-salarial-por-genero-en-mexico,18/09/2024,"Banxico análisis brecha salarial género región México , resultado demostrar norte diferencia remuneración hombre mujer .",¿ brecha salarial género México ?
Expansión - Economía,¿Por qué es importante tener un seguro para tu negocio?,"Un seguro no solo cubre los daños materiales, sino que también puede asegurar la continuidad de las operaciones en caso de un siniestro, destaca la AMIS.",Economía,https://expansion.mx/economia/2024/09/18/por-que-es-importante-tener-un-seguro-para-tu-negocio,18/09/2024,"seguro cubrir daño material , asegurar continuidad operación caso siniestro , destacar AMIS .",¿ importante seguro negocio ?
Expansión - Economía,Peligra economía de México si Trump gana y cumple con aranceles: Moody's,La agencia calificadora anticipa que la economía mexicana sufriría una recesión en 2025 y una mayor inflación.,Economía,https://expansion.mx/economia/2024/09/18/economia-de-mexico-peligra-recesion-si-gana-trump,18/09/2024,agencia calificadoro anticipar economía mexicano sufrir recesión 2025 inflación .,Peligra economía México Trump ganar cumplir arancel : Moody's
Expansión - Economía,"RappiCard alcanza los 5,107 millones de pesos en su cartera de crédito",La empresa resalta que parte de su estrategia es ofrecer un proceso de solicitud y aprobación en solo dos minutos y una entrega de la tarjeta física en 30 minutos.,Economía,https://expansion.mx/economia/2024/09/18/rappicard-alcanza-5107-mdp-cartera-de-credito,18/09/2024,empresa resaltar estrategia ofrecer proceso solicitud aprobación minuto entrega tarjeta físico 30 minuto .,RappiCard alcanzar 5.107 millón pesos cartera crédito
Expansión - Economía,"Fed baja tasas medio punto porcentual; aduce ""confianza"" en control de inflación",Los responsables de la política monetaria prevén que el tipo de referencia de la Reserva Federal caiga otro medio punto porcentual a finales de este año.,Economía,https://expansion.mx/economia/2024/09/18/fed-baja-tasas-medio-punto-porcentual-aduce-confianza-en-control-de-inflacion,18/09/2024,responsable política monetario prever tipo referencia Reserva Federal caer punto porcentual final año .,"Fed bajar tasa punto porcentual ; aducir "" confianza "" control inflación"
Expansión - Economía,Mercado Pago recibe financiamiento de JP Morgan para apoyar a Pymes mexicanas,La plataforma logra un acuerdo con el banco de inversión de 250 millones de dólares para apoyar a pequeños negocios en el país.,Economía,https://expansion.mx/economia/2024/09/18/mercado-pago-recibe-financiamiento-de-jp-morgan,18/09/2024,plataforma lograr banco inversión 250 millón dólares apoyar pequeño negocio país .,Mercado Pago recibir financiamiento JP Morgan apoyar Pymes mexicano
Expansión - Economía,El número de súper ricos se dispara en Estados Unidos y China,La población China con al menos 100 millones de dólares en sus cuentas se ha duplicado en los últimos 10 años.,Economía,https://expansion.mx/economia/2024/09/18/paises-con-mas-super-ricos,18/09/2024,población China 100 millón dólares cuenta duplicar 10 año .,número súper rico disparar Unidos China
Expansión - Economía,Infonavit maneja 2.4 billones de pesos en activos: Carlos Martínez,"Los fondos del instituto han aumentado por los aumentos salariales, las mayores aportaciones patronales, la fiscalización a empresas, los programas de regularización de créditos.",Economía,https://expansion.mx/economia/2024/09/18/cuanto-dinero-maneja-el-infonavit,18/09/2024,"fondo instituto aumentar aumento salarial , mayor aportación patronal , fiscalización empresa , programa regularización crédito .",Infonavit manejar 2.4 billón pesos activo : Carlos Martínez
Expansión - Economía,El impacto del nearshoring y las tendencias laborales según MetLife México,"La escasez de talento calificado, la importancia de beneficios competitivos y la necesidad de una cultura organizacional sólida son los principales desafíos a los que se enfrentan las empresas",Economía,https://expansion.mx/economia/2024/09/18/el-impacto-nearshoring-mexico-tendencias-laborales-metlife,18/09/2024,"escasez talento calificado , importancia beneficio competitivo necesidad cultura organizacional sólido principal desafío enfrentar empresa",impacto nearshoring tendencia laboral MetLife México
Expansión - Economía,"Sofipos ven oportunidades en su figura, a pesar de la migración bancaria","La Asociación Mexicana de Sofipos (AMS) considera que con una nueva regulación, las instituciones pueden seguir creciendo con ayuda de la regulación y la tecnología.",Economía,https://expansion.mx/economia/2024/09/18/sofipos-ven-oportunidades-en-su-figura-a-pesar-de-la-migracion-bancaria,18/09/2024,"Asociación Mexicana Sofipos ( AMS ) regulación , institución seguir crecer ayuda regulación tecnología .","Sofipos ver oportunidad figura , migración bancario"
Expansión - Economía,Las Afores registran ganancias en agosto; las más altas en 9 meses,"Las Afores registraron plusvalías de 231,284.6 millones de pesos en agosto, el monto más alto desde noviembre del año pasado.",Economía,https://expansion.mx/economia/2024/09/17/afores-plusvalias-record-2024,18/09/2024,"Afores registrar plusvalía 231.284.6 millón pesos agosto , monto alto noviembre año .",Afores registrar ganancia agosto ; alto 9 mes
Expansión - Economía,Estos son las mercancías que más importa México desde el exterior,"Los países a los que más le compra México son Estados Unidos, que representa casi 43% del total de las importaciones, seguido por China, con 20% y Japón, con 3%.",Economía,https://expansion.mx/economia/2024/09/17/estos-son-las-mercancias-que-mas-importa-mexico-desde-el-exterior,17/09/2024,"país compra México Unidos , representar 43% importación , seguido China , 20% Japón , 3% .",mercancía importar México exterior
Expansión - Economía,"El SAT obtiene 191,506 mdp por eficiencia recaudatoria en 2024","La mayor eficiencia recaudatoria se debe principalmente a los programas Cumplimiento de Obligaciones, Vigilancia Profunda y Cobranza Coactiva.",Economía,https://expansion.mx/economia/2024/09/17/sat-obtiene-191-506-mdp-por-eficiencia-recaudatoria,17/09/2024,"eficiencia recaudatorio principalmente programa Cumplimiento Obligaciones , Vigilancia Profunda Cobranza Coactiva .",SAT obtener 191.506 mdp eficiencia recaudatorio 2024
Expansión - Economía,Los Cetes reducen rendimiento previo a decisión de Banxico,"La próxima semana, el Banco de México (Banxico) dará a conocer su decisión de política monetaria y los Cetes disminuyeron los rendimientos en todos los plazos.",Economía,https://expansion.mx/economia/2024/09/17/rendimientos-cetes-disminuyen,17/09/2024,"próximo semana , Banco México ( Banxico ) dar decisión política monetario Cetes disminuir rendimiento plazo .",Cetes reducir rendimiento previo decisión Banxico
Expansión - Economía,El gobierno de Sheinbaum necesitará una nueva política para atraer inversiones,"Consumada la desaparición de ProMéxico, los esfuerzos por atraer inversión extranjera se dividieron. Los especialistas cuestionan si con un ente líder podría lograrse aún más.",Economía,https://expansion.mx/economia/2024/09/17/sheinbaum-y-nearshoring-fortalecer-inversion-extranjera,17/09/2024,"consumado desaparición proméxico , esfuerzo atraer inversión extranjero dividir . especialista cuestionar ente líder lograr él .",gobierno Sheinbaum necesitar política atraer inversión
Expansión - Economía,México y EU acuerdan que Sader supervise el aguacate para exportación,Los gobiernos de México y Estados Unidos acordaron esta transferencia de responsabilidades para agilizar el comercio.,Economía,https://expansion.mx/economia/2024/09/16/mexico-y-eu-acuerdan-que-sader-supervise-el-aguacate-para-exportacion,16/09/2024,gobierno México Unidos acordar transferencia responsabilidad agilizar comercio .,México eu acordar Sader supervisar aguacate exportación
Expansión - Economía,No todo es T-MEC; estos son los tratados comerciales que aguardan a Ebrard,"México tiene el potencial de ampliar y diversificar sus exportaciones, al menos en cinco tratados, además del que tiene con Estados Unidos y Canadá.",Economía,https://expansion.mx/economia/2024/09/16/no-todo-t-mec-otros-tratados-aguardan-marcelo-ebrard,16/09/2024,"México potencial ampliar diversificar exportación , tratado , Unidos Canadá .",t-mec ; tratado comercial aguardar Ebrard
Expansión - Economía,"Instituciones de crédito en incertidumbre por la Reforma Judicial, dice Moody’s",Las pequeñas y medianas empresas enfrentarán una desaceleración en los créditos dada la falta de certeza jurídica para las instituciones financieras no bancarias.,Economía,https://expansion.mx/economia/2024/09/14/instituciones-credito-incertidumbre-reforma-judicial-moodys,14/09/2024,pequeño mediano empresa enfrentar desaceleración crédito dar falta certeza jurídico institución financiero bancario .,"Instituciones crédito incertidumbre Reforma Judicial , Moody’s"
Expansión - Economía,Las sequías impactan el precio y peso de la carne de res: Banxico,El Banco de México destacó que las sequías provocan que los productores de carne sacrifiquen al ganado antes de tiempo para que no pierdan peso; lo que llega a provocar inflación en el mediano plazo.,Economía,https://expansion.mx/economia/2024/09/13/banxico-advierte-impacto-sequias-carne-de-res,13/09/2024,Banco México destacar sequía provocar productor carne sacrificar ganado tiempo perder peso ; llegar provocar inflación mediano plazo .,sequía impactar precio peso carne r : Banxico
Expansión - Economía,HR Ratings baja previsión de crecimiento a 1.4% para México en 2024,"La agencia calificadora ve un ambiente de incertidumbre por el cambio de administración y las reformas de AMLO, por lo que también recortó su pronóstico para 2025.",Economía,https://expansion.mx/economia/2024/09/13/hr-ratings-baja-prevision-crecimiento-a-1-4-para-mexico,13/09/2024,"agencia calificadoro ver ambiente incertidumbre cambio administración reforma AMLO , recortar pronóstico 2025 .",HR Ratings bajo previsión crecimiento 1.4% México 2024
Expansión - Economía,Gasolina Magna va por su segunda semana sin subsidios,"Durante la semana del 14 al 20 de septiembre, los consumidores pagarán 6.1752 pesos por el Impuesto Especial sobre Producción y Servicios (IEPS) por litro de gasolina regular.",Economía,https://expansion.mx/economia/2024/09/13/hacienda-quita-subsidio-gasolina-magna-segunda-semana,13/09/2024,"semana 14 20 septiembre , consumidor pagar 6.1752 pesos Impuesto Especial Producción Servicios ( IEPS ) litro gasolina regular .",Gasolina Magna semana subsidio
Expansión - Economía,Banxico proyecta apogeo del nearshoring en México entre 2026 y 2030,"En una encuesta de Banco de México, el 41.3% de las empresas consultadas estima que el mayor beneficio del proceso de relocalización se dará durante ese periodo.",Economía,https://expansion.mx/economia/2024/09/13/banxico-proyecta-apogeo-del-nearshoring-en-mexico-entre-2026-y-2030,13/09/2024,"encuesta Banco México , 41.3% empresa consultado estimar beneficio proceso relocalización dar periodo .",Banxico proyectar nearshoring México 2026 2030
Expansión - Economía,Fitch y S&P descartan degradar calificación de México por reforma judicial,Las agencias calificadoras ven finanzas sólidas y esperan una prudencia fiscal con Claudia Sheinbaum.,Economía,https://expansion.mx/economia/2024/09/12/descartan-degradar-calificacion-mexico-reforma-judicial,13/09/2024,agencia calificadora ver finanza sólido esperar prudencia fiscal Claudia Sheinbaum .,Fitch S&P descartar degradar calificación México reforma judicial
Expansión - Economía,"Él es Antonio Martínez Dagnino, jefe del SAT en el gobierno de Sheinbaum","Antonio Martínez Dagnino llegó a la jefatura del SAT en octubre del 2022, luego de que Raquel Buenrostro pasara a tomar el liderazgo en la Secretaría de Economía.",Economía,https://expansion.mx/economia/2024/09/12/quien-es-antonio-martinez-dagnino,12/09/2024,"Antonio Martínez Dagnino jefatura SAT octubre 2022 , Raquel Buenrostro pasar tomar liderazgo Secretaría Economía .","Antonio Martínez Dagnino , jefe SAT gobierno Sheinbaum"
Expansión - Economía,"De Pemex a Infonavit, él es Octavio Romero Oropeza","La presidenta electa, Claudia Sheinbaum, dio a conocer que Romero Oropeza estará al frente del Instituto del Fondo Nacional de la Vivienda para los Trabajadores.",Economía,https://expansion.mx/economia/2024/09/12/octavio-romero-oropeza-infonavit-pemex-claudia-sheinbaum,12/09/2024,"presidenta electa , Claudia Sheinbaum , Romero Oropeza frente Instituto Fondo Nacional Vivienda Trabajadores .","Pemex Infonavit , Octavio Romero Oropeza"
Expansión - Economía,BBVA advierte que reforma al Poder Judicial socava el Estado de derecho,Un análisis del banco considera que las perspectivas de crecimiento económico de México también pueden deteriorarse.,Economía,https://expansion.mx/economia/2024/09/12/bbva-advertencia-reforma-poder-judicial,12/09/2024,análisis banco perspectiva crecimiento económico México deteriorar él .,BBVA advertir reforma Judicial socava derecho
Expansión - Economía,El papel de la economía del bienestar en los gobiernos modernos,"La economía del bienestar prioriza la salud y la felicidad de las personas, colocando estos valores al mismo nivel, o incluso por encima, de los indicadores económicos tradicionales como el PIB.",Economía,https://expansion.mx/economia/2024/09/12/el-papel-de-la-economia-del-bienestar-en-los-gobiernos-modernos,12/09/2024,"economía bienestar priorizar salud felicidad persona , colocar valor nivel , , indicador económico tradicional PIB .",papel economía bienestar gobierno moderno
Expansión - Economía,"Los salarios, programas sociales y remesas mantienen el consumo en México","Pese a la inflación y mayor tasa de interés, el consumo privado en México ha sido un pilar para la economía, pero a esta tendencia le queda poco tiempo, advierten analistas.",Economía,https://expansion.mx/economia/2024/09/12/inflacion-y-tasas-de-interes-consumo-en-mexico-se-mantiene,12/09/2024,"pese inflación tasa interés , consumo privado México pilar economía , tendencia quedar tiempo , advertir analista .","salario , programa social remesa mantener consumo México"
Expansión - Economía,Moody's prevé que reforma judicial debilite la calidad crediticia de México,"Los cambios en el sistema judicial perjudicarían a las futuras inversiones en nearshoring, dice la agencia calificadora.",Economía,https://expansion.mx/economia/2024/09/11/moodys-reforma-judicial-calificacion-mexico,12/09/2024,"cambio sistema judicial perjudicarir futuro inversión nearshoring , agencia calificadoro .",Moody's prever reforma judicial debilitar calidad crediticia México
Expansión - Economía,Coparmex advierte que reforma judicial afectará proyectos clave para la economía,"El organismo empresarial lamenta la aprobación en el Senado de la República, señaló que es una decisión que no tomó en cuenta las diferentes voces.",Economía,https://expansion.mx/economia/2024/09/11/reforma-judicial-coparmex,11/09/2024,"organismo empresarial lamentar aprobación Senado República , decisión tomar voz .",Coparmex advertir reforma judicial afectar proyecto clave economía
Expansión - Economía,El peso mexicano se mantiene bajo las 20 unidades por dólar,"Tras la aprobación de la reforma judicial y la baja en la inflación en EU, la moneda se apreció 1.48% frente a las 20.09 unidades por dólar reportadas al cierre del martes.",Economía,https://expansion.mx/economia/2024/09/11/peso-mexicano-a-dolar-hoy-11-septiembre-cierre,11/09/2024,"aprobación reforma judicial baja inflación EU , moneda apreciar 1.48% frente 20.09 unidad dólar reportada cierre martes .",peso mexicano mantener 20 unidad dólar
Expansión - Economía,México va a facilitar y respaldar inversiones de EU: Marcelo Ebrard,"Luego de aprobada la reforma judicial, el próximo secretario de Economía revivió y posteó un video en redes sociales en el que dice que la integración de las dos economías avanza a paso acelerado.",Economía,https://expansion.mx/economia/2024/09/11/marcelo-ebrard-facilitara-y-respaldara-inversiones-eu,11/09/2024,"aprobar reforma judicial , secretario Economía reviveír postear video red social integración economía avanzar paso acelerado .",México facilitar respaldar inversión EU : Marcelo Ebrard
Expansión - Economía,La inversión extranjera cae en los estados más “atractivos” para el nearshoring,"La falta de energía eléctrica, escasez de agua y mano de obra, además de una infraestructura rebasada para el transporte le ponen freno a las decisiones de inversión.",Economía,https://expansion.mx/economia/2024/09/11/cae-inversion-extranjera-en-estados-norte-nearshoring,11/09/2024,"falta energía eléctrico , escasez agua mano obra , infraestructura rebasado transporte poner freno decisión inversión .",inversión extranjero caer “ atractivos ” nearshoring
Expansión - Economía,"Comce espera inversiones por 48,000 mdd, pese a reforma judicial","El presidente del Consejo Empresarial Mexicano de Comercio Exterior destacó que prevén que la Inversión Extranjera Directa cierre 2024 en 40,000 millones de dólares, 11% más respecto a 2023.",Economía,https://expansion.mx/economia/2024/09/10/comce-inversiones-reforma-judicial,10/09/2024,"presidente Consejo Empresarial Mexicano Comercio Exterior destacar prever Inversión Extranjera Directa cerrar 2024 40.000 millón dólares , 11% 2023 .","Comce esperar inversión 48.000 mdd , pese reforma judicial"
Expansión - Economía,"La inflación cede, pero Banxico enfrenta más retos para bajar tasa de interés",La volatilidad en el tipo de cambio generada por el avance de la reforma judicial representa un freno al banco central para  bajar la tasa de interés de referencia.,Economía,https://expansion.mx/economia/2024/09/10/inflacion-cede-banxico-enfrenta-retos-antes-de-bajar-tasas,10/09/2024,volatilidad tipo cambio generado avance reforma judicial representar freno banco central   bajar tasa interés referencia .,"inflación cede , Banxico enfrentar reto bajar tasa interés"
Expansión - Economía,Los rendimientos de los Cetes tocan su nivel más bajo desde enero,Los rendimientos de los Cetes a 28 días tuvieron la tasa más baja desde enero pasado ante la expectativa de que Banxico haga más recortes a la tasa de referencia.,Economía,https://expansion.mx/economia/2024/09/10/cetes-rendimiento-bajo-28-dias-caen,10/09/2024,rendimiento Cetes 28 tener tasa bajo enero expectativa Banxico hacer recort tasa referencia .,rendimiento Cetes tocar nivel enero
Expansión - Economía,Mexico necesita una política industrial acorde a la economía actual: IMCO,"El centro de investigación apunta que en los últimos 20 años, el valor agregado a la producción de exportaciones manufactureras se ha estancado.",Economía,https://expansion.mx/economia/2024/09/10/mexico-politica-industrial-economia-imco,10/09/2024,"centro investigación apuntar 20 año , valor agregado producción exportación manufacturero estancar .",Mexico necesitar política industrial acordar economía actual : IMCO
Expansión - Tecnología,Esta es la audiencia que quiere conquistar el iPhone 16,"Apple es consciente de que muchos usuarios de iPhone 15 difícilmente van a renovar su smartphone, pero hay un segmento al que pueden seducir.",Tecnología,https://expansion.mx/tecnologia/2024/09/20/iphone-16-esta-es-la-audiencia-que-quiere-conquistar,20/09/2024,"Apple consciente usuario iphone 15 difícilmente renovar smartphone , segmento seducir .",audiencia conquistar iphone 16
Expansión - Tecnología,Microsoft usará energía nuclear para alimentar su Inteligencia Artificial,El acuerdo entre Microsoft y Constellation Energy permitirá reactivar una unidad de la planta nuclear Three Mile Island para cubrir las crecientes necesidades energéticas.,Tecnología,https://expansion.mx/tecnologia/2024/09/20/microsoft-energia-nuclear-inteligencia-artificial,20/09/2024,Microsoft Constellation Energy permitir reactivar unidad planta nuclear Three Mile Island cubrir creciente necesidad energético .,Microsoft usar energía nuclear alimentar Inteligencia Artificial
Expansión - Tecnología,La ONU formula siete recomendaciones para regular la IA,La ONU creó el año pasado un órgano consultivo de 39 miembros para abordar los problemas de la regulación internacional de la IA.,Tecnología,https://expansion.mx/tecnologia/2024/09/20/la-onu-formula-siete-recomendaciones-para-regular-la-ia,20/09/2024,ONU crear año órgano consultivo 39 miembro abordar problema regulación internacional IA .,ONU formular recomendación regular IA
Expansión - Tecnología,El caso de Caliente TV: de anunciar apuestas a transmitir la Champions League,La compañía ha entrado a la ‘guerra del streaming deportivo’ para captar una parte de este nicho de mercado y con ello consolidar su principal negocio: las apuestas.,Tecnología,https://expansion.mx/tecnologia/2024/09/20/el-caso-de-caliente-tv-de-anunciar-apuestas-a-transmitir-la-champions-league,20/09/2024,compañía entrar ‘ guerra streaming deportivo ’ captar nicho mercado consolidar principal negocio : apuesta .,caso Caliente TV : anunciar apuesta transmitir Champions League
Expansión - Tecnología,"La IA decide si eres o no apto para un trabajo, ¿qué hacer para que te vea?","Aunque la IA sí ha demostrado que puede ser una aliada en los espacios donde se aplica, los sesgos que puede presentar aún son un inconveniente.",Tecnología,https://expansion.mx/tecnologia/2024/09/20/la-ia-decide-si-eres-o-no-apto-para-un-trabajo-que-hacer-para-que-te-vea,20/09/2024,"IA demostrar aliada espacio aplicar , sesgo presentar inconveniente .","IA decidir apto trabajo , ¿ ver ?"
Expansión - Tecnología,Amazon Prime y MGM Studios se unen a la MPA,Las empresas de entretenimiento se unen a otras como Netflix o Paramount Pictures.,Tecnología,https://expansion.mx/tecnologia/2024/09/19/amazon-prime-y-mgm-studios-se-unen-a-la-mpa,19/09/2024,empresa entretenimiento unir Netflix Paramount Pictures .,Amazon Prime MGM Studios unir MPA
Expansión - Tecnología,Amazon lanza un nuevo bot que te ayudará a crecer las ventas,La empresa dio a conocer a Amelia para obtener los datos de venta e inventario de un negocio que está en la plataforma.,Tecnología,https://expansion.mx/tecnologia/2024/09/19/amazon-lanza-un-nuevo-bot-que-te-ayudara-a-crecer-las-ventas,19/09/2024,empresa Amelia obtener dato venta inventario negocio plataforma .,Amazon lanzar bot ayudar crecer venta
Expansión - Tecnología,PlayStation lanza edición limitada con aspecto noventero,"Esta consola evoca al aspecto del primer equipo, lanzado por Sony en 1994, y forma parte de la celebración por sus 30 años.",Tecnología,https://expansion.mx/tecnologia/2024/09/19/playstation-lanza-edicion-limitada-30-aniversario,19/09/2024,"consola evocar aspecto equipo , lanzado Sony 1994 , formar celebración 30 año .",PlayStation lanzar edición limitado aspecto noventero
Expansión - Tecnología,Usuarios reportan que la alerta sísmica nunca llegó a sus celulares,El IFT había asegurado que hoy las empresas enviarían mensajes de emergencia por sismos pero nunca llegaron. Telcel asegura que las alertas dependen del regulador.,Tecnología,https://expansion.mx/tecnologia/2024/09/19/por-que-no-me-llego-mensaje-alerta-sismica-celular,19/09/2024,IFT asegurar empresa enviarir mensaje emergencia sismos llegar . Telcel asegurar alerta depender regulador .,Usuarios reportar alerta sísmico celular
Expansión - Tecnología,TelevisaUnivision nombra como nuevo CEO a un exdirectivo de Google,"Se trata de Daniel Alegre, en sustitución de Wade Davis,  quien cuenta con una amplia experiencia en empresas de tecnología y trabajando con la comunidad hispana en EU, México y América Latina.",Tecnología,https://expansion.mx/tecnologia/2024/09/19/televisaunivision-nuevo-ceo-exdirectivo-de-google,19/09/2024,"Daniel Alegre , sustitución Wade Davis ,   amplio experiencia empresa tecnología trabajar comunidad hispano EU , México América Latina .",TelevisaUnivision nombrar CEO exdirectivo Google
Expansión - Tecnología,Inversión en conectividad no caerá pese a política judicial: Neutral Networks,"El CEO de la compañía Neutral Networks, enfocada en infraestructura crítica, dijo que la necesidad de conectividad a nivel usuario como empresa será más fuerte que agendas políticas.",Tecnología,https://expansion.mx/tecnologia/2024/09/19/reforma-judicial-riesgo-confianza-invertir-telecomunicaciones,19/09/2024,"CEO compañía Neutral Networks , enfocado infraestructura crítico , necesidad conectividad nivel usuario empresa fuerte agenda política .",Inversión conectividad caer pese política judicial : Neutral Networks
Expansión - Tecnología,Nintendo y The Pokémon Company demandan al creador de Palworld,"Las empresas japonesas iniciaron una acción legal en contra de Pocketpair, debido a infracciones de patentes al desarrollar el llamado “Pokémon con armas”.",Tecnología,https://expansion.mx/tecnologia/2024/09/19/nintendo-y-the-pokemon-company-demandan-al-creador-de-palworld,19/09/2024,"empresa japonés iniciar acción legal Pocketpair , infracción patente desarrollar llamado “ Pokémon arma ” .",nintendo The Pokémon Company demandar creador Palworld
Expansión - Tecnología,TelevisaUnivisión sustituirá a Wade Davis como director general,La empresa decidió sustituir a Davis por Daniel Alegre debido a algunos de los resultados de la compañía que cayeron por debajo de las expectativas internas.,Tecnología,https://expansion.mx/tecnologia/2024/09/18/televisaunivision-sustituira-a-wade-davis-como-director-general,19/09/2024,empresa decidir sustituir Davis Daniel Alegre resultado compañía caer expectativa interno .,televisaunivisión sustituir Wade Davis director general
Expansión - Tecnología,YouTube presenta IA para hacer videos y ganar ‘más’ dinero,La empresa llevo a cabo Made on YouTube un evento donde también señaló que el número de creadores que obtienen la mayor parte de sus ingresos viene de TV.,Tecnología,https://expansion.mx/tecnologia/2024/09/18/youtube-presenta-ia-para-hacer-videos-y-ganar-mas-dinero,18/09/2024,empresa llevar cabo Made on YouTube evento número creador obtener ingreso venir tv .,YouTube presentar IA video ganar ‘ ’ dinero
Expansión - Tecnología,La IA generativa transforma la operación y los ingresos empresariales,"El uso de IA generativa ha crecido en diversos sectores, impulsando la innovación y facilitando nuevas formas de operar en las organizaciones.",Tecnología,https://expansion.mx/tecnologia/2024/09/18/ia-generativa-transforma-operacion-e-ingresos-empresariales,18/09/2024,"IA generativo crecer sector , impulsar innovación facilitar forma operar organización .",IA generativo transformar operación ingreso empresarial
Expansión - Tecnología,Amazon agrega a PayPal como método de pago en pedidos de Comprar con Prime,"Esta nueva opción estará disponible para los usuarios que realicen compras en sitios web de terceros, con membresía Prime.",Tecnología,https://expansion.mx/tecnologia/2024/09/18/amazon-agrega-a-paypal-como-metodo-de-pago-prime,18/09/2024,"opción disponible usuario realizar compra sitios web tercero , membresía Prime .",Amazon agregar PayPal método pago pedido Comprar Prime
Expansión - Tecnología,CFE Telecom perfila a nuevo CEO para impulsar el proyecto de internet,"Según dos fuentes con conocimiento del tema, al interior de la compañía se ha puesto sobre la mesa el nombre de Emiliano Calderón Mercado para ser el nuevo CEO de la estatal de telecomunicaciones.",Tecnología,https://expansion.mx/tecnologia/2024/09/18/nuevo-director-genera-general-de-cfe-telecom-quien-suena,18/09/2024,"fuente conocimiento tema , interior compañía poner mesa nombre Emiliano Calderón Mercado CEO estatal telecomunicación .",CFE Telecom perfilar CEO impulsar proyecto internet
Expansión - Tecnología,"Google se salva de una multa antimonopolio de 1,670 mmd",El caso comenzó por un supuesto dominio anticompetitivo de la empresa en el mercado de la publicidad en línea.,Tecnología,https://expansion.mx/tecnologia/2024/09/18/google-se-salva-de-una-multa-presunto-monopolio,18/09/2024,caso comenzar dominio anticompetitivo empresa mercado publicidad línea .,Google salir multa antimonopolio 1.670 mmd
Expansión - Tecnología,El e-commerce chino conquista las bolsas de valores,"Los dueños de Alibaba, Temu y JD conquistan el e-commerce del mundo, mientras diversifican sus negocios.",Tecnología,https://expansion.mx/tecnologia/2024/09/18/el-e-commerce-chino-conquista-las-bolsas-de-valores,18/09/2024,"dueño Alibaba , Temu JD conquistar e-commerce mundo , diversificar negocio .",e-commerce chino conquista bolsa valor
Expansión - Tecnología,¿Cómo funciona el canje de teléfonos de Mercado Libre?,"Mercado Libre lanzó un nuevo programa llamado Trade in smartphones, con el que puedes canjear tu antiguo celular por un modelo nuevo.",Tecnología,https://expansion.mx/tecnologia/2024/09/17/canje-de-telefonos-mercado-libre,18/09/2024,"Mercado libre lanzar programa llamado Trade smartphón , poder canjear antiguo celular modelo .",¿ funcionar canje teléfono Mercado libre ?
Expansión - Tecnología,Malware en Android permite retirar dinero desde cajeros automáticos,"NGate clona datos NFC de tarjetas de pago y los retransmite a un atacante, quien emula la tarjeta original para realizar retiros de dinero en cajeros automáticos.",Tecnología,https://expansion.mx/tecnologia/2024/09/17/malware-android-clona-tarjetas-retira-dinero-de-cajeros,18/09/2024,"NGate clonar dato NFC tarjeta pago retransmite atacante , emular tarjeta original retiro dinero cajero automático .",Malware Android permitir retirar dinero cajero automático
Expansión - Tecnología,"Uber y Didi operan en los mismos sitios del AICM, pese a restricciones",Los usuarios continúan pidiendo el servicio de taxis por aplicación y Uber apunta que continuará operando con regularidad.,Tecnología,https://expansion.mx/tecnologia/2024/09/17/uber-didi-operan-aicm-pese-a-restricciones,17/09/2024,usuario continuar pedir servicio taxi aplicación Uber apuntar continuar operar regularidad .,"Uber Didi operar sitio AICM , pese restricción"
Expansión - Tecnología,TikTok vs EU: una historia de antaño que no tiene fin claro,"Aunque la prohibición llegaría en enero de 2025, la empresa interpuso una demanda para evitar su restricción, mientras que los candidatos a la presidencia tampoco la quieren bloquear.",Tecnología,https://expansion.mx/tecnologia/2024/09/17/tiktok-vs-eu-una-historia-de-antano-que-no-tiene-fin-claro,17/09/2024,"prohibición llegar enero 2025 , empresa interponer demanda evitar restricción , candidato presidencia querer bloquear .",TikTok vs EU : historia antaño
Expansión - Tecnología,Cómo crear un diario personal con la IA de WhatsApp,"La inteligencia artificial de WhatsApp, Meta AI, puede aprovecharse para realizar y simplificar diferentes tareas. Aquí te explicamos cómo crear un diario personal",Tecnología,https://expansion.mx/tecnologia/2024/09/17/diario-personal-ia-whatsapp,17/09/2024,"inteligencia artificial WhatsApp , Meta AI , aprovechar él simplificar tarea . explicar crear diario personal",crear diario personal IA WhatsApp
Expansión - Tecnología,Alerta sísmica llegará a los teléfonos el próximo 19 de septiembre: IFT,"Telcel, AT&amp;T, Telefónica y Bait comenzarán a enviar notificaciones de emergencia  por sismos, huracanes o inundaciones en celulares.",Tecnología,https://expansion.mx/tecnologia/2024/09/17/ift-mensaje-celulares-simulacro-nacional,17/09/2024,"Telcel , AT&amp;T , Telefónica Bait comenzar enviar notificación emergencia   , huracán inundación celular .",Alerta sísmico llegar teléfono 19 septiembre : IFT
Expansión - Tecnología,"iOS 18, qué incluye esta nueva versión y cómo actualizar tu iPhone","Aunque todavía no se ha integrado Apple Intelligence, esta actualización al sistema operativo integra una serie de mejoras.",Tecnología,https://expansion.mx/tecnologia/2024/09/17/ios-18-que-incluye-esta-nueva-version-y-como-actualizar-tu-iphone,17/09/2024,"integrar Apple Intelligence , actualización sistema operativo integrar serie mejora .","ios 18 , incluir versión actualizar iphone"
Expansión - Tecnología,Ahora los usuarios de Uber también deberán verificar su identidad,"Uber implementará una nueva verificación de identidad para los pasajeros, con el objetivo de ofrecer mayor seguridad a los conductores y evitar fraudes en la plataforma.",Tecnología,https://expansion.mx/tecnologia/2024/09/17/usuarios-de-uber-tambien-deberan-verificarse,17/09/2024,"Uber implementar verificación identidad pasajero , objetivo ofrecer seguridad conductor evitar fraude plataforma .",usuario Uber deber verificar identidad
Expansión - Tecnología,Intel y Amazon firman acuerdo comercial y el mercado lo recibe bien,Las empresas de tecnología trabajarán en conjunto una coinversión en diseños de chip personalizados para el negocio de nube de la big tech: AWS.,Tecnología,https://expansion.mx/tecnologia/2024/09/17/intel-amazon-acuerdo-comercial-mercado-recibe-bien,17/09/2024,empresa tecnología trabajar conjunto coinversión diseño chip personalizado negocio nube big tech : AWS .,Intel Amazon firmar comercial mercado recibir
Expansión - Tecnología,OpenAI crea una junta de seguridad capaz de detener nuevos lanzamientos,"La empresa busca mejorar sus procesos de protección, confianza y transparencia en medio de la búsqueda de una nueva ronda de financiación multimillonaria.",Tecnología,https://expansion.mx/tecnologia/2024/09/17/openai-crea-una-junta-de-seguridad-capaz-de-detener-nuevos-lanzamientos,17/09/2024,"empresa buscar mejorar proceso protección , confianza transparencia búsqueda ronda financiación multimillonario .",OpenAI creer junta seguridad capaz detener lanzamiento
Expansión - Tecnología,Instagram lanza cuenta para adolescentes con controles parentales,Los usuarios menores de 16 años sólo podrán recibir mensajes y ser etiquetados por cuentas a las que sigan o con las que ya estén conectados.,Tecnología,https://expansion.mx/tecnologia/2024/09/17/instagram-lanza-cuenta-para-adolescentes,17/09/2024,usuario menor 16 año recibir mensaje etiquetar cuenta seguir estar conectado .,Instagram lanza adolescente control parental
Expansión - Tecnología,¿El servicio al cliente en manos de la IA es mejor que los humanos?,Más de la mitad de los profesionales de servicio al cliente ya ocupan algún software impulsado por IA y se espera que continúe creciendo.,Tecnología,https://expansion.mx/tecnologia/2024/09/17/servicio-cliente-ia-es-mejor-que-los-humanos,17/09/2024,mitad profesional servicio cliente ocupar software impulsado IA esperar continuar crecer .,¿ servicio cliente manos IA humano ?
Expansión - Tecnología,Intel aplaza el proyecto para instalar fábricas en Alemania y Polonia,"El anuncio se presenta después de que se revelara que la empresa recibirá hasta 3,000 millones de dólares del gobierno estadounidense para fabricar semiconductores.",Tecnología,https://expansion.mx/tecnologia/2024/09/16/intel-aplaza-el-proyecto-para-instalar-fabricas-en-alemania-y-polonia,17/09/2024,anuncio presentar revelarir empresa recibir 3.000 millón dólares gobierno estadounidense fabricar semiconductor .,Intel aplazar proyecto instalar fábrica Alemania Polonia
Expansión - Tecnología,Amazon se despide del home office: sus empleados regresan a la oficina en 2025,"Las empresas han permitido que muchos empleados trabajen desde casa desde la pandemia, lo que ha dejado las oficinas casi vacías en varias ciudades como San Francisco y Seattle.",Tecnología,https://expansion.mx/tecnologia/2024/09/16/amazon-se-despide-del-home-office-sus-empleados-regresan-a-la-oficina-en-2025,16/09/2024,"empresa permitir empleado trabajar casa pandemia , dejar oficina vacío ciudad San Francisco Seattle .",Amazon despedir home office : empleado regresar oficina 2025
Expansión - Tecnología,Rappi considera debutar en la Bolsa de Nueva York en un año,"Rappi opera en nueve países de la región y es considerada como un unicornio tecnológico con una valoración que supera los 5,000 millones de dólares.",Tecnología,https://expansion.mx/tecnologia/2024/09/16/rappi-considera-debutar-en-la-bolsa-de-nueva-york-en-un-ano,16/09/2024,Rappi operar país región considerar unicornio tecnológico valoración superar 5.000 millón dólares .,Rappi debutar Bolsa York año
Expansión - Tecnología,TikTok y el Departamento de Justicia se enfrentan en los tribunales de EU,Los abogados de TikTok se enfrentarán al Departamento de Justicia en un tribunal de Washington sobre el destino de una ley que podría prohibir la aplicación de vídeos cortos.,Tecnología,https://expansion.mx/tecnologia/2024/09/16/tiktok-y-el-departamento-de-justicia-se-enfrentan-en-los-tribunales-de-eu,16/09/2024,abogado TikTok enfrentar Departamento Justicia tribunal Washington destino ley prohibir aplicación vídeo corto .,TikTok Departamento Justicia enfrentar tribunal EU
Expansión - Tecnología,¿Cómo beneficiaría a Altán Redes la desaparición del IFT?,"Con la eliminación del IFT, el Ejecutivo tendría la facultad para adjudicar directamente espectro a Altán para el plan de cierre de brecha digital y para volverse  más competitiva ante AT&amp;T y Telcel.",Tecnología,https://expansion.mx/tecnologia/2024/09/14/como-beneficiaria-a-altan-redes-la-desaparicion-del-ift,14/09/2024,"eliminación IFT , Ejecutivo tener facultad adjudicar directamente espectro Altán plan cierre brecha digital volver él   competitivo AT&amp;T Telcel .",¿ beneficiar Altán Redes desaparición IFT ?
Expansión - Tecnología,Telefónica y Megacable aplican medidas de seguridad en Culiacán,Las compañías de telecomunicaciones decidieron modificar la operación de sus sucursales para garantizar la seguridad de sus trabajadores en la entidad que ha sido azotada por la violencia.,Tecnología,https://expansion.mx/tecnologia/2024/09/13/telefonica-y-megacable-aplican-medidas-de-seguridad-en-culiacan,14/09/2024,compañía telecomunicación decidir modificar operación sucursal garantizar seguridad trabajador entidad azotar violencia .,Telefónica Megacable aplicar medida seguridad Culiacán
Expansión - Tecnología,"Intel logra acuerdo de 3,500 mdd para fabricar chips para el ejército","Se trata de un programa secreto, llamado Secure Enclave, que busca establecer la producción de chips avanzados con aplicaciones militares y de Inteligencia.",Tecnología,https://expansion.mx/tecnologia/2024/09/13/intel-logra-acuerdo-de-3-500-mdd-para-fabricar-chips-para-el-ejercito,13/09/2024,"programa secreto , llamado Secure Enclave , buscar establecer producción chip avanzado aplicación militar Inteligencia .",Intel lograr 3.500 mdd fabricar chip ejército
Expansión - Tecnología,Brasil desbloquea cuentas de Starlink y X tras transferencia de 3 mdd,El juez del Supremo Tribunal dijo que el levantamiento se ordenó porque la cantidad transferida a las arcas de Brasil alcanzaba el total que X debía al país en concepto de multas.,Tecnología,https://expansion.mx/tecnologia/2024/09/13/brasil-desbloquea-cuentas-starlink-x-transferencia-3-mdd,13/09/2024,juez Supremo Tribunal levantamiento ordenar cantidad transferido arca Brasil alcanzar X deber país concepto multa .,Brasil desbloquear cuenta Starlink X transferencia 3 mdd
Expansión - Tecnología,¿Cuánto me da Apple por mi iPhone para abonar en la compra de uno nuevo?,"El programa Trade In recibe equipos desde el iPhone SE 2020 hasta el 15 Pro Max, con una bonificación máxima de 20,000 pesos.",Tecnología,https://expansion.mx/tecnologia/2024/09/13/cuanto-me-da-apple-por-mi-iphone-compra-nuevo,13/09/2024,"programa Trade In recibir equipo iphone 2020 15 Pro Max , bonificación máximo 20.000 pesos .",¿ Apple iphone abonar compra ?
Expansión - Tecnología,Telmex suspende la atención de quejas y de Centros de servicios en Culiacán,"El Sindicato de Telefonistas dijo que debido a los enfrentamientos armados en la entidad, se decidió no abrir las tiendas, ni los centros de trabajo para resguardar la integridad de sus técnicos.",Tecnología,https://expansion.mx/tecnologia/2024/09/13/telmex-suspende-la-atencion-de-quejas-y-de-centros-de-servicios-en-culiacan,13/09/2024,"Sindicato Telefonistas enfrentamiento armado entidad , decidir abrir tienda , centro trabajo resguardar integridad técnico .",Telmex suspender atención queja Centros servicio Culiacán
Expansión - Tecnología,¿Cómo usar las nuevas funciones de texto de Instagram?,"Las nuevas herramientas de texto incluyen más fuentes y efectos, así como la posibilidad de agregar texto superpuesto en publicaciones del feed.",Tecnología,https://expansion.mx/tecnologia/2024/09/13/nuevas-herramientas-de-texto-instagram,13/09/2024,"herramienta texto incluir fuente efecto , posibilidad agregar texto superpuesto publicación feed .",¿ función texto Instagram ?
Expansión - Tecnología,Líderes tecnológicos  acudirán a la Casa Blanca para hablar de IA: CNN,Funcionarios de alto rango y líderes tecnológicos se darán cita para hablar de los recursos energéticos y la infraestructura necesarios para impulsar esta herramienta.,Tecnología,https://expansion.mx/tecnologia/2024/09/12/lideres-tecnologicos-casa-blanca-ia,12/09/2024,Funcionarios alto rango líder tecnológico dar cita hablar recurso energético infraestructura necesario impulsar herramienta .,líder tecnológico   acudir Casa Blanca hablar IA : CNN
Expansión - Tecnología,"OpenAI lanza una nueva serie de modelos de IA con capacidad de ""razonamiento""",El modelo conocido internamente como strawberry tuvo altas calificaciones en pruebas de matemáticas y codificación. Pero la empresa reconoce que aún puede dar respuestas limitadas.,Tecnología,https://expansion.mx/tecnologia/2024/09/12/openai-lanza-una-nueva-serie-de-modelos-de-ia-con-capacidad-de-razonamiento,12/09/2024,modelo conocido internamente strawberry alto calificación prueba matemática codificación . empresa reconocer respuesta limitado .,"OpenAI lanzar serie modelo IA capacidad "" razonamiento """
Expansión - Tecnología,La UE ahora va por empresas de videojuegos,"Después de tener un foco en torno a las big tech, el organismo regulador busca esclarecer prácticas de compañías como Fortnite.",Tecnología,https://expansion.mx/tecnologia/2024/09/12/la-ue-ahora-va-por-empresas-de-videojuegos,12/09/2024,"foco torno big tech , organismo regulador buscar esclarecer práctica compañía Fortnite .",UE empresa videojuego
Expansión - Tecnología,"La escritura manual de código tiene los días contados, vaticina el CEO de NVIDIA","Jensen Huang explicó que sus 32,000 ingenieros de software estarán acompañados de 100 veces más asistentes digitales, las 24 horas del día, los 7 días de la semana.",Tecnología,https://expansion.mx/tecnologia/2024/09/12/ceo-nvidia-vaticina-escritura-codigo-tiene-dias-contados,12/09/2024,"Jensen Huang 32.000 ingeniero software estar acompañado 100 asistente digital , 24 hora , 7 semana .","escritura manual código contado , vaticinar CEO NVIDIA"
