Term 1,Term 2,Term 3,Frequency of Trigram,"Frequency of Context (Term 1, Term 2)",Conditional Probability
<,si,>,85,114,0.7456140350877193
<,no,>,39,87,0.4482758620689655
<,jajajaj,>,39,46,0.8478260869565217
<,siii,>,28,31,0.9032258064516129
<,xd,>,18,19,0.9473684210526315
<,sii,>,15,15,1.0
<,jajajaja,>,13,14,0.9285714285714286
<,x2,>,13,13,1.0
<,jajaja,>,13,16,0.8125
<,gracias,>,13,19,0.6842105263157895
<,pero,no,13,57,0.22807017543859648
<,animo,>,12,13,0.9230769230769231
<,sip,>,12,12,1.0
<,a,>,11,30,0.36666666666666664
<,ya,>,10,66,0.15151515151515152
<,ola,>,9,10,0.9
<,es,q,9,39,0.23076923076923078
<,es,>,9,39,0.23076923076923078
<,grasias,>,9,12,0.75
<,va,>,8,9,0.8888888888888888
<,de,q,7,24,0.2916666666666667
<,chi,>,7,7,1.0
<,no,se,7,87,0.08045977011494253
<,jajajajaj,>,7,7,1.0
<,siiii,>,7,9,0.7777777777777778
<,poke,>,7,8,0.875
<,yo,>,6,18,0.3333333333333333
<,jajajja,>,6,6,1.0
<,aaaa,>,6,8,0.75
<,o,>,5,14,0.35714285714285715
<,ya,no,5,66,0.07575757575757576
<,asi,q,5,9,0.5555555555555556
<,jajaj,>,5,5,1.0
<,que,>,5,19,0.2631578947368421
<,o,sea,5,14,0.35714285714285715
tal,vez,>,5,5,1.0
<,q,>,5,29,0.1724137931034483
<,bueno,>,5,7,0.7142857142857143
<,eso,>,5,9,0.5555555555555556
<,de,hecho,5,24,0.20833333333333334
<,y,tu,5,38,0.13157894736842105
<,no,me,5,87,0.05747126436781609
<,claro,>,5,8,0.625
q,tal,?,4,7,0.5714285714285714
y,tu,?,4,7,0.5714285714285714
<,eiii,>,4,4,1.0
<,creo,q,4,4,1.0
la,vida,de,4,7,0.5714285714285714
tal,?,>,4,4,1.0
<,es,que,4,39,0.10256410256410256
<,tal,vez,4,4,1.0
<,ya,lo,4,66,0.06060606060606061
<,hay,q,4,5,0.8
<,nd,>,4,4,1.0
ya,estoy,en,4,5,0.8
pero,no,se,4,18,0.2222222222222222
tu,?,>,4,4,1.0
<,nada,>,4,5,0.8
<,avr,>,4,5,0.8
<,pq,>,4,17,0.23529411764705882
<,ya,me,4,66,0.06060606060606061
<,nose,>,4,4,1.0
<,ojala,>,4,7,0.5714285714285714
<,ooo,>,4,4,1.0
<,pero,ya,4,57,0.07017543859649122
vdd,?,>,3,3,1.0
<,:0,>,3,3,1.0
<,espero,q,3,4,0.75
<,u.u,>,3,3,1.0
<,ya,estoy,3,66,0.045454545454545456
ver,si,lo,3,3,1.0
<,buenos,dias,3,3,1.0
<,pero,>,3,57,0.05263157894736842
<,no,te,3,87,0.034482758620689655
<,omggg,>,3,4,0.75
no,se,si,3,13,0.23076923076923078
<,solo,q,3,5,0.6
no,?,>,3,3,1.0
mi,casa,>,3,4,0.75
de,un,otaku,3,4,0.75
vida,de,un,3,4,0.75
la,impresion,>,3,3,1.0
<,o.o,>,3,3,1.0
<,y,ya,3,38,0.07894736842105263
<,jajajjaj,>,3,3,1.0
<,se,>,3,10,0.3
<,si,",",3,114,0.02631578947368421
<,mmm,>,3,5,0.6
<,tt,>,3,3,1.0
<,jajajajaja,>,3,3,1.0
<,si,te,3,114,0.02631578947368421
<,jajajajj,>,3,3,1.0
en,mi,casa,3,6,0.5
de,la,impresion,3,7,0.42857142857142855
pero,no,so침e,3,18,0.16666666666666666
<,nooombre,>,3,3,1.0
?,?,>,3,3,1.0
<,x222,>,3,3,1.0
<,y,luego,3,38,0.07894736842105263
<,a,mi,3,30,0.1
a,ti,?,3,4,0.75
<,no,es,3,87,0.034482758620689655
y,a,ti,3,3,1.0
no,se,>,3,13,0.23076923076923078
ti,?,>,3,3,1.0
grasias,chika,>,3,3,1.0
<,sim,>,3,3,1.0
<,nooo,>,3,4,0.75
<,perdon,>,3,4,0.75
vale,vale,>,3,3,1.0
<,de,nada,3,24,0.125
<,bn,>,3,5,0.6
a,dios,>,3,3,1.0
q,dices,>,3,3,1.0
gracias,a,dios,3,3,1.0
<,vale,vale,3,7,0.42857142857142855
me,da,miedo,2,4,0.5
no,puelo,>,2,2,1.0
<,pero,esta,2,57,0.03508771929824561
como,?,>,2,2,1.0
<,noooo,>,2,2,1.0
<,grasias,chika,2,12,0.16666666666666666
<,ya,nada,2,66,0.030303030303030304
<,non,>,2,2,1.0
<,noooombre,>,2,2,1.0
o,como,?,2,2,1.0
<,q,es,2,29,0.06896551724137931
<,sheesh,>,2,2,1.0
de,vdd,?,2,3,0.6666666666666666
<,en,la,2,6,0.3333333333333333
<,a,si,2,30,0.06666666666666667
siiii,tt,>,2,2,1.0
<,siiii,tt,2,9,0.2222222222222222
<,el,mas,2,13,0.15384615384615385
a,si,a,2,3,0.6666666666666666
<,de,vdd,2,24,0.08333333333333333
ya,dormire,>,2,2,1.0
la,vda,>,2,3,0.6666666666666666
<,onta,?,2,2,1.0
onta,?,>,2,2,1.0
toy,cansaa,>,2,2,1.0
las,cosas,>,2,2,1.0
<,ya,dormire,2,66,0.030303030303030304
pero,me,da,2,4,0.5
<,no,puelo,2,87,0.022988505747126436
<,no,los,2,87,0.022988505747126436
si,vi,>,2,2,1.0
no,seee,>,2,3,0.6666666666666666
para,ma침ana,>,2,2,1.0
si,jajaj,>,2,2,1.0
mejor,ma침ana,>,2,2,1.0
<,jajajajja,>,2,2,1.0
x,eso,>,2,3,0.6666666666666666
<,ya,toy,2,66,0.030303030303030304
<,si,vi,2,114,0.017543859649122806
<,la,vdd,2,11,0.18181818181818182
a,siii,>,2,2,1.0
<,a,siii,2,30,0.06666666666666667
<,jajajj,>,2,2,1.0
te,perdono,>,2,2,1.0
<,te,perdono,2,11,0.18181818181818182
so침e,nd,>,2,2,1.0
no,so침e,nd,2,5,0.4
<,jajajajajaj,>,2,2,1.0
<,ya,estamos,2,66,0.030303030303030304
<,noo,>,2,2,1.0
<,vdd,q,2,2,1.0
uy,no,",",2,2,1.0
<,uy,no,2,3,0.6666666666666666
<,q,tal,2,29,0.06896551724137931
estoy,en,mi,2,5,0.4
<,adios,>,2,2,1.0
del,a침o,>,2,2,1.0
lo,cambie,>,2,2,1.0
<,bien,",",2,5,0.4
pq,dices,eso,2,2,1.0
di,k,>,2,2,1.0
anda,di,k,2,2,1.0
<,anda,di,2,3,0.6666666666666666
<,tabn,>,2,3,0.6666666666666666
<,provechito,>,2,2,1.0
<,me,acorde,2,31,0.06451612903225806
q,no,se,2,6,0.3333333333333333
<,y,q,2,38,0.05263157894736842
se,ve,sp,2,4,0.5
<,pero,yo,2,57,0.03508771929824561
buenos,dias,>,2,3,0.6666666666666666
un,monton,>,2,3,0.6666666666666666
<,oraaa,>,2,2,1.0
<,boomer,>,2,2,1.0
a,mi,me,2,5,0.4
hay,?,>,2,2,1.0
<,ei,>,2,2,1.0
<,la,vda,2,11,0.18181818181818182
eso,?,>,2,2,1.0
<,jajajaj,kien,2,46,0.043478260869565216
bn,pero,no,2,2,1.0
jajajaj,kien,sabeee,2,2,1.0
<,pero,x,2,57,0.03508771929824561
<,me,puedes,2,31,0.06451612903225806
pero,x,eso,2,2,1.0
q,tal,>,2,7,0.2857142857142857
<,no,lo,2,87,0.022988505747126436
<,me,recordaste,2,31,0.06451612903225806
<,esta,muy,2,10,0.2
<,que,fue,2,19,0.10526315789473684
que,fue,>,2,3,0.6666666666666666
<,kisiese,>,2,2,1.0
<,voy,a,2,4,0.5
es,vdd,>,2,2,1.0
<,mimi,bn,2,3,0.6666666666666666
en,el,roblo,2,6,0.3333333333333333
me,acorde,de,2,3,0.6666666666666666
no,so침e,>,2,5,0.4
<,eii,>,2,3,0.6666666666666666
hecho,creo,q,2,2,1.0
de,hecho,creo,2,7,0.2857142857142857
to,bien,>,2,3,0.6666666666666666
<,ekis,>,2,2,1.0
o,q,>,2,2,1.0
<,pero,tmb,2,57,0.03508771929824561
<,que,bueno,2,19,0.10526315789473684
<,se,ve,2,10,0.2
muy,bn,>,2,2,1.0
<,游눎,游눎,2,2,1.0
游눎,游눎,>,2,2,1.0
<,游,>,2,2,1.0
yo,creo,q,2,2,1.0
q,mal,>,2,2,1.0
bien,y,tu,2,4,0.5
<,ahorita,ya,2,2,1.0
algo,?,>,2,2,1.0
<,pero,me,2,57,0.03508771929824561
<,ni,la,2,5,0.4
<,jajajajajj,>,2,2,1.0
<,jajjaja,>,2,2,1.0
asi,q,si,2,5,0.4
<,voy,>,2,4,0.5
tengo,q,estudiar,2,2,1.0
nemonemo,?,>,2,2,1.0
que,?,>,2,2,1.0
me,acuerdo,>,2,2,1.0
bien,y,a,2,4,0.5
no,me,acuerdo,2,8,0.25
<,go,>,2,3,0.6666666666666666
<,sacaaaaa,>,2,2,1.0
<,lol,q,2,4,0.5
<,tmb,>,2,4,0.5
<,komo,>,2,2,1.0
<,gracias,a,2,19,0.10526315789473684
<,ya,se,2,66,0.030303030303030304
te,dije,q,2,4,0.5
si,te,dije,2,3,0.6666666666666666
<,ya,escuchaste,2,66,0.030303030303030304
tengo,sue침o,>,2,2,1.0
<,bien,y,2,5,0.4
lo,de,los,2,5,0.4
<,ok,>,2,5,0.4
ya,lo,cambie,2,4,0.5
la,vdd,>,2,4,0.5
si,jajajaj,>,2,2,1.0
me,haces,un,2,2,1.0
<,me,haces,2,31,0.06451612903225806
",",esta,bn,2,2,1.0
<,aca,igual,2,4,0.5
siii,",",esta,2,2,1.0
vida,real,>,2,2,1.0
<,aun,no,2,4,0.5
<,es,mi,2,39,0.05128205128205128
<,siii,",",2,31,0.06451612903225806
<,vale,>,2,7,0.2857142857142857
<,no,kiero,2,87,0.022988505747126436
<,esta,semana,2,10,0.2
de,tarea,>,2,2,1.0
<,ya,te,2,66,0.030303030303030304
siento,q,no,2,4,0.5
no,kiero,>,2,3,0.6666666666666666
la,otra,semana,2,3,0.6666666666666666
tengo,un,monton,2,3,0.6666666666666666
un,bn,de,2,2,1.0
no,puedo,>,2,2,1.0
<,yap,>,2,2,1.0
muy,buena,>,2,2,1.0
no,cierto,>,2,2,1.0
<,jajajaj,no,2,46,0.043478260869565216
<,es,游꼟,2,39,0.05128205128205128
<,q,horror,2,29,0.06896551724137931
q,horror,>,2,2,1.0
es,游꼟,>,2,2,1.0
<,ayuda,>,2,3,0.6666666666666666
<,fuersa,bro,2,3,0.6666666666666666
<,q,bueno,2,29,0.06896551724137931
q,bueno,>,2,2,1.0
fuersa,bro,>,2,2,1.0
en,la,vida,2,12,0.16666666666666666
la,vida,real,2,7,0.2857142857142857
<,siento,q,2,2,1.0
<,dame,>,2,3,0.6666666666666666
tu,q,tal,2,2,1.0
<,lastima,q,2,2,1.0
no,tanto,>,2,2,1.0
y,me,muero,2,3,0.6666666666666666
<,naaa,>,2,2,1.0
<,pero,si,2,57,0.03508771929824561
<,y,me,2,38,0.05263157894736842
<,pq,no,2,17,0.11764705882352941
<,pq,tengo,2,17,0.11764705882352941
pero,no,tanto,2,18,0.1111111111111111
<,sepa,>,2,2,1.0
esa,hora,>,2,2,1.0
a,esa,hora,2,2,1.0
yo,de,la,2,2,1.0
<,jajajqj,>,2,2,1.0
esta,?,>,2,2,1.0
me,empalagan,>,1,1,1.0
grupo,esta,producido,1,1,1.0
el,grupo,esta,1,2,0.5
debuto,en,meovv,1,1,1.0
en,meovv,>,1,1,1.0
<,pero,el,1,57,0.017543859649122806
<,el,grupo,1,13,0.07692307692307693
grupo,ni,sono,1,1,1.0
el,grupo,ni,1,2,0.5
q,azucar,>,1,1,1.0
pero,el,grupo,1,1,1.0
<,ay,si,1,3,0.3333333333333333
pero,si,",",1,2,0.5
ni,sono,>,1,1,1.0
x,ser,>,1,1,1.0
<,y,ahora,1,38,0.02631578947368421
ahora,debuto,en,1,1,1.0
se,parecia,a,1,1,1.0
si,luego,te,1,1,1.0
whiplash,?,>,1,1,1.0
con,bp,>,1,1,1.0
<,y,decian,1,38,0.02631578947368421
y,decian,q,1,1,1.0
decian,q,ella,1,1,1.0
q,ella,se,1,2,0.5
ella,se,parecia,1,1,1.0
escuchaste,whiplash,?,1,1,1.0
y,ahora,debuto,1,1,1.0
<,si,luego,1,114,0.008771929824561403
ya,escuchaste,whiplash,1,3,0.3333333333333333
pq,no,me,1,3,0.3333333333333333
parecia,a,jennie,1,1,1.0
ay,si,>,1,1,1.0
a,jennie,>,1,1,1.0
no,me,empalagan,1,8,0.125
esta,producido,por,1,1,1.0
de,ellas,>,1,2,0.5
<,hablando,de,1,1,1.0
producido,por,black,1,1,1.0
nunca,lo,fueron,1,1,1.0
le,fallo,esta,1,1,1.0
fallo,esta,vez,1,1,1.0
esta,vez,>,1,1,1.0
<,ellas,nunca,1,1,1.0
ni,tienen,de,1,1,1.0
siempre,han,tenido,1,1,1.0
ellas,nunca,lo,1,1,1.0
pero,siempre,han,1,1,1.0
algunos,ni,tienen,1,1,1.0
hablando,de,ellas,1,1,1.0
lo,fueron,>,1,1,1.0
<,o,si,1,14,0.07142857142857142
o,si,?,1,1,1.0
<,pero,siempre,1,57,0.017543859649122806
si,?,>,1,1,1.0
<,nomas,x,1,5,0.2
<,4,>,1,1,1.0
justo,algunos,ni,1,1,1.0
q,le,fallo,1,2,0.5
digo,q,le,1,2,0.5
te,digo,q,1,2,0.5
han,tenido,conceptos,1,1,1.0
por,black,label,1,1,1.0
black,label,>,1,1,1.0
<,de,teddy,1,24,0.041666666666666664
nomas,x,ser,1,1,1.0
si,",",justo,1,5,0.2
de,q,azucar,1,13,0.07692307692307693
de,teddy,>,1,1,1.0
<,same,productor,1,1,1.0
same,productor,q,1,1,1.0
",",justo,algunos,1,1,1.0
tienen,de,q,1,1,1.0
bn,locos,>,1,1,1.0
productor,q,bp,1,1,1.0
conceptos,bn,locos,1,1,1.0
tenido,conceptos,bn,1,1,1.0
q,bp,>,1,1,1.0
<,pero,te,1,57,0.017543859649122806
pero,te,digo,1,3,0.3333333333333333
se,llama,ella,1,4,0.25
luego,te,echas,1,1,1.0
ya,te,soltaron,1,2,0.5
<,aaaaa,>,1,1,1.0
<,xciertooo,>,1,1,1.0
<,estaba,haciendo,1,1,1.0
<,topaste,a,1,1,1.0
topaste,a,las,1,1,1.0
a,las,meovv,1,4,0.25
las,meovv,?,1,1,1.0
meovv,?,>,1,1,1.0
soltaron,?,>,1,1,1.0
te,soltaron,?,1,1,1.0
<,yo,digo,1,18,0.05555555555555555
buen,grupo,>,1,1,1.0
yo,digo,q,1,1,1.0
digo,q,ahyeon,1,2,0.5
<,ontas,>,1,1,1.0
q,ahyeon,esta,1,1,1.0
ahyeon,esta,algo,1,1,1.0
esta,algo,sobrevalorada,1,1,1.0
algo,sobrevalorada,en,1,1,1.0
dios,quiere,>,1,1,1.0
sobrevalorada,en,cuanto,1,1,1.0
si,dios,quiere,1,1,1.0
estaba,haciendo,tarea,1,1,1.0
q,buen,grupo,1,1,1.0
ella,con,bp,1,1,1.0
se,graduo,>,1,1,1.0
sea,ya,lleva,1,1,1.0
le,paso,tt,1,1,1.0
ya,lleva,tiempo,1,1,1.0
lleva,tiempo,aca,1,1,1.0
tiempo,aca,>,1,1,1.0
que,le,paso,1,2,0.5
",",que,le,1,1,1.0
creo,q,ya,1,10,0.1
q,ya,se,1,3,0.3333333333333333
ya,se,graduo,1,3,0.3333333333333333
pero,yo,joven,1,2,0.5
haciendo,tarea,>,1,1,1.0
yo,joven,>,1,1,1.0
ainoooo,",",que,1,1,1.0
acorde,de,forever,1,2,0.5
de,forever,>,1,1,1.0
<,de,las,1,24,0.041666666666666664
<,ainoooo,",",1,1,1.0
de,las,baemon,1,1,1.0
las,baemon,>,1,1,1.0
<,joder,q,1,2,0.5
joder,q,buen,1,1,1.0
en,cuanto,a,1,1,1.0
cuanto,a,vocal,1,1,1.0
a,vocal,>,1,1,1.0
su,debut,se,1,1,1.0
de,esta,gen,1,1,1.0
esta,gen,>,1,1,1.0
q,son,como,1,1,1.0
<,pq,hay,1,17,0.058823529411764705
pq,hay,una,1,1,1.0
hay,una,chika,1,2,0.5
el,q,son,1,1,1.0
una,chika,q,1,1,1.0
chika,q,se,1,1,1.0
q,se,llama,1,6,0.16666666666666666
echas,el,q,1,1,1.0
o,sea,si,1,6,0.16666666666666666
llama,ella,y,1,1,1.0
ella,y,de,1,1,1.0
y,de,hecho,1,2,0.5
de,hecho,hay,1,7,0.14285714285714285
te,echas,el,1,1,1.0
hecho,hay,varios,1,1,1.0
hay,varios,videos,1,1,1.0
varios,videos,de,1,1,1.0
videos,de,ella,1,1,1.0
de,ella,con,1,1,1.0
blackpink,de,esta,1,1,1.0
las,blackpink,de,1,1,1.0
son,como,galletitas,1,2,0.5
son,las,blackpink,1,1,1.0
sea,si,es,1,1,1.0
ma침ana,si,dios,1,2,0.5
si,es,buena,1,3,0.3333333333333333
es,buena,>,1,1,1.0
<,pero,has,1,57,0.017543859649122806
<,ma침ana,si,1,5,0.2
pero,has,escuchado,1,1,1.0
has,escuchado,a,1,1,1.0
mini,no,?,1,1,1.0
escuchado,a,rami,1,1,1.0
a,rami,?,1,1,1.0
galletitas,mini,no,1,1,1.0
rami,?,>,1,1,1.0
siento,q,ella,1,4,0.25
q,ella,le,1,2,0.5
ella,le,gana,1,1,1.0
le,gana,facil,1,1,1.0
como,galletitas,mini,1,1,1.0
gana,facil,>,1,1,1.0
<,segun,son,1,1,1.0
segun,son,las,1,1,1.0
<,su,debut,1,1,1.0
pero,me,acorde,1,4,0.25
debut,se,llamo,1,1,1.0
<,yo,ya,1,18,0.05555555555555555
ya,le,hice,1,2,0.5
le,hice,stream,1,1,1.0
hice,stream,como,1,1,1.0
stream,como,10000,1,1,1.0
como,10000,veces,1,1,1.0
10000,veces,>,1,1,1.0
<,ya,de,1,66,0.015151515151515152
ya,de,repente,1,1,1.0
de,repente,no,1,1,1.0
la,vda,no,1,3,0.3333333333333333
repente,no,contetso,1,1,1.0
no,contetso,>,1,1,1.0
no,es,singgg,1,5,0.2
es,singgg,>,1,1,1.0
<,es,sign,1,39,0.02564102564102564
es,sign,>,1,1,1.0
<,ay,yo,1,3,0.3333333333333333
ay,yo,tambieeeen,1,1,1.0
yo,tambieeeen,>,1,1,1.0
<,lo,he,1,7,0.14285714285714285
lo,he,visto,1,1,1.0
he,visto,como,1,2,0.5
visto,como,50,1,1,1.0
yo,ya,le,1,1,1.0
escuchaste,nemonemo,?,1,1,1.0
ya,tiene,mucho,1,3,0.3333333333333333
ya,escuchaste,nemonemo,1,3,0.3333333333333333
la,colab,del,1,1,1.0
colab,del,a침o,1,1,1.0
fui,ya,tiene,1,1,1.0
<,q,digo,1,29,0.034482758620689655
q,fui,ya,1,1,1.0
q,digo,del,1,1,1.0
dia,q,fui,1,1,1.0
el,dia,q,1,1,1.0
<,el,dia,1,13,0.07692307692307693
digo,del,a침o,1,1,1.0
<,del,siglo,1,3,0.3333333333333333
del,siglo,>,1,1,1.0
<,lloro,>,1,1,1.0
<,lol,quedo,1,4,0.25
lol,quedo,>,1,1,1.0
<,no,habia,1,87,0.011494252873563218
no,habia,visto,1,1,1.0
habia,visto,xdd,1,2,0.5
visto,xdd,>,1,1,1.0
<,no,devoro,1,87,0.011494252873563218
no,devoro,>,1,1,1.0
<,ayuno,>,1,1,1.0
vda,no,me,1,1,1.0
como,50,veces,1,1,1.0
50,veces,>,1,1,1.0
<,te,lo,1,11,0.09090909090909091
te,lo,juro,1,2,0.5
luego,q,crees,1,1,1.0
q,crees,>,1,1,1.0
<,la,guglie,1,11,0.09090909090909091
la,guglie,>,1,1,1.0
<,y,tiene,1,38,0.02631578947368421
y,tiene,25,1,1,1.0
tiene,25,omg,1,2,0.5
25,omg,>,1,1,1.0
llevo,mi,cena,1,1,1.0
ve,sp,joven,1,2,0.5
sp,joven,>,1,1,1.0
<,apoko,no,1,3,0.3333333333333333
me,llevo,mi,1,1,1.0
apoko,no,>,1,1,1.0
vdd,q,sii,1,2,0.5
q,sii,>,1,1,1.0
<,jajaja,nooo,1,16,0.0625
deja,me,llevo,1,1,1.0
nomas,deja,me,1,1,1.0
<,nomas,deja,1,5,0.2
jajaja,nooo,>,1,1,1.0
es,q,todas,1,11,0.09090909090909091
q,todas,se,1,1,1.0
mi,cena,>,1,1,1.0
<,luego,q,1,1,1.0
<,apoko,>,1,3,0.3333333333333333
la,primera,vez,1,2,0.5
lo,juro,>,1,1,1.0
<,ahi,>,1,3,0.3333333333333333
<,si,esta,1,114,0.008771929824561403
si,esta,bien,1,2,0.5
esta,bien,jajaja,1,1,1.0
bien,jajaja,>,1,1,1.0
es,q,escribiste,1,11,0.09090909090909091
q,escribiste,sing,1,1,1.0
escribiste,sing,>,1,1,1.0
<,la,primera,1,11,0.09090909090909091
primera,vez,pero,1,1,1.0
somos,jigumis,>,1,1,1.0
vez,pero,te,1,1,1.0
pero,te,dije,1,3,0.3333333333333333
dije,q,era,1,2,0.5
q,era,sign,1,1,1.0
era,sign,>,1,1,1.0
lol,q,mal,1,2,0.5
<,muy,bien,1,3,0.3333333333333333
muy,bien,>,1,1,1.0
<,oficialmente,somos,1,1,1.0
oficialmente,somos,jigumis,1,1,1.0
<,la,colab,1,11,0.09090909090909091
tiene,mucho,pero,1,1,1.0
se,llamo,meow,1,1,1.0
me,gustan,y,1,3,0.3333333333333333
y,ps,estas,1,2,0.5
ps,estas,chikas,1,1,1.0
estas,chikas,>,1,1,1.0
bran,kreo,>,1,1,1.0
all,bran,kreo,1,1,1.0
de,all,bran,1,1,1.0
uno,de,all,1,1,1.0
<,apenas,nacieron,1,1,1.0
apenas,nacieron,pero,1,1,1.0
nacieron,pero,siento,1,1,1.0
pero,siento,q,1,1,1.0
siento,q,les,1,4,0.25
q,les,fue,1,1,1.0
les,fue,mal,1,1,1.0
fue,mal,para,1,1,1.0
mal,para,lo,1,1,1.0
para,lo,q,1,1,1.0
lo,q,esperaban,1,6,0.16666666666666666
q,esperaban,>,1,1,1.0
<,winter,se,1,1,1.0
winter,se,ve,1,1,1.0
es,uno,de,1,1,1.0
ve,sp,bien,1,2,0.5
gustan,y,ps,1,1,1.0
si,me,gustan,1,4,0.25
mucho,pero,no,1,1,1.0
vdd,si,me,1,1,1.0
llamo,meow,>,1,1,1.0
<,esta,x,1,10,0.1
esta,x,pero,1,1,1.0
x,pero,despues,1,1,1.0
pero,despues,le,1,1,1.0
despues,le,agarras,1,1,1.0
me,gustan,>,1,3,0.3333333333333333
le,agarras,cierto,1,1,1.0
agarras,cierto,gustito,1,1,1.0
cierto,gustito,>,1,1,1.0
",",creo,>,1,1,1.0
acorde,de,ellas,1,2,0.5
de,ellas,x,1,2,0.5
ellas,x,baemon,1,1,1.0
x,baemon,>,1,1,1.0
<,pq,baemon,1,17,0.058823529411764705
mi,me,gustan,1,2,0.5
muy,fit,>,1,1,1.0
pq,baemon,la,1,1,1.0
baemon,la,vdd,1,1,1.0
estan,muy,fit,1,1,1.0
la,vdd,si,1,4,0.25
<,estan,muy,1,3,0.3333333333333333
sp,bien,>,1,1,1.0
<,fue,mi,1,2,0.5
fue,mi,fav,1,1,1.0
mi,fav,en,1,3,0.3333333333333333
q,dicen,q,1,1,1.0
dicen,q,se,1,1,1.0
q,se,imaginan,1,6,0.16666666666666666
se,imaginan,una,1,1,1.0
imaginan,una,colab,1,1,1.0
una,colab,entre,1,1,1.0
colab,entre,rose,1,1,1.0
entre,rose,",",1,1,1.0
rose,",",lisa,1,1,1.0
",",lisa,",",1,1,1.0
lisa,",",jennie,1,1,1.0
",",jennie,y,1,1,1.0
jennie,y,jisoo,1,1,1.0
y,jisoo,?,1,1,1.0
jisoo,?,>,1,1,1.0
<,:,00,1,1,1.0
:,00,>,1,1,1.0
<,a,vale,1,30,0.03333333333333333
a,30,>,1,1,1.0
estaban,a,30,1,1,1.0
no,estaban,a,1,1,1.0
<,imaginate,>,1,1,1.0
pero,no,estaban,1,18,0.05555555555555555
comentarios,q,dicen,1,1,1.0
visto,comentarios,q,1,1,1.0
he,visto,comentarios,1,2,0.5
segun,si,le,1,1,1.0
fav,en,este,1,1,1.0
<,es,uno,1,39,0.02564102564102564
<,cereal,>,1,1,1.0
en,este,concepto,1,1,1.0
este,concepto,>,1,1,1.0
<,pero,es,1,57,0.017543859649122806
pero,es,q,1,1,1.0
es,q,teddy,1,11,0.09090909090909091
q,teddy,segun,1,1,1.0
teddy,segun,si,1,1,1.0
si,le,sabe,1,2,0.5
tiktok,he,visto,1,1,1.0
le,sabe,>,1,1,1.0
me,recordaste,q,1,2,0.5
jajaja,siii,>,1,1,1.0
<,jajaja,siii,1,16,0.0625
recordaste,q,luego,1,1,1.0
q,luego,en,1,2,0.5
luego,en,el,1,1,1.0
en,el,tiktok,1,6,0.16666666666666666
a,vale,>,1,1,1.0
el,tiktok,he,1,1,1.0
o,sea,ya,1,6,0.16666666666666666
si,quieres,>,1,1,1.0
insta,",",creo,1,1,1.0
<,ame,>,1,1,1.0
eres,el,unico,1,1,1.0
el,unico,q,1,1,1.0
unico,q,entiende,1,1,1.0
<,es,muy,1,39,0.02564102564102564
q,entiende,>,1,1,1.0
<,con,q,1,4,0.25
con,q,te,1,1,1.0
q,te,picaste,1,6,0.16666666666666666
te,picaste,?,1,1,1.0
picaste,?,>,1,1,1.0
no,los,conocia,1,2,0.5
los,conocia,>,1,1,1.0
<,se,ven,1,10,0.1
se,ven,feos,1,2,0.5
ven,feos,>,1,1,1.0
aca,igual,anda,1,2,0.5
igual,anda,lloviendo,1,1,1.0
anda,lloviendo,",",1,1,1.0
lloviendo,",",pero,1,1,1.0
",",pero,nomas,1,3,0.3333333333333333
pero,nomas,asi,1,1,1.0
nomas,asi,chispitas,1,1,1.0
asi,chispitas,>,1,1,1.0
es,muy,jpop,1,1,1.0
muy,jpop,>,1,1,1.0
<,me,gusto,1,31,0.03225806451612903
la,crei,>,1,1,1.0
la,sacaste,?,1,1,1.0
sacaste,?,>,1,1,1.0
parece,una,miku,1,1,1.0
<,como,supiste,1,7,0.14285714285714285
como,supiste,>,1,1,1.0
x,eso,mejor,1,3,0.3333333333333333
eso,mejor,asi,1,1,1.0
mejor,asi,>,1,1,1.0
<,me,la,1,31,0.03225806451612903
me,la,crei,1,2,0.5
<,andas,bn,1,1,1.0
<,eres,el,1,2,0.5
andas,bn,alucin,1,1,1.0
bn,alucin,>,1,1,1.0
<,seamos,jigumis,1,1,1.0
seamos,jigumis,>,1,1,1.0
me,parece,una,1,1,1.0
<,me,parece,1,31,0.03225806451612903
gusto,mucho,>,1,1,1.0
me,gusto,mucho,1,2,0.5
a,mi,tambien,1,5,0.2
mi,tambien,>,1,1,1.0
<,awwww,>,1,1,1.0
<,incomodo,>,1,1,1.0
de,donde,la,1,1,1.0
pero,no,ai,1,18,0.05555555555555555
con,nemonemo,>,1,1,1.0
<,ja,q,1,2,0.5
ja,q,nob,1,1,1.0
q,nob,>,1,1,1.0
<,fue,coronel,1,2,0.5
fue,coronel,>,1,1,1.0
<,a,donde,1,30,0.03333333333333333
a,donde,te,1,1,1.0
<,con,nemonemo,1,4,0.25
tremenda,obsesion,>,1,1,1.0
donde,te,llevaron,1,1,1.0
te,llevaron,?,1,1,1.0
llevaron,?,>,1,1,1.0
<,muy,bn,1,3,0.3333333333333333
<,bn,lejos,1,5,0.2
bn,lejos,cuanto,1,1,1.0
lejos,cuanto,?,1,1,1.0
cuanto,?,>,1,2,0.5
tengo,tremenda,obsesion,1,1,1.0
<,okok,",",1,2,0.5
okok,",",si,1,1,1.0
",",si,esta,1,2,0.5
si,esta,lejitos,1,2,0.5
ti,q,tal,1,1,1.0
<,pq,la,1,17,0.058823529411764705
a,ti,q,1,4,0.25
x,lo,menos,1,1,1.0
no,ai,de,1,1,1.0
conoci,ayer,>,1,1,1.0
ai,de,otra,1,1,1.0
de,otra,cuando,1,1,1.0
otra,cuando,>,1,1,1.0
<,esta,fuerte,1,10,0.1
esta,fuerte,>,1,1,1.0
<,un,impermeable,1,4,0.25
un,impermeable,x,1,1,1.0
impermeable,x,lo,1,1,1.0
lo,menos,>,1,1,1.0
",",a,ti,1,1,1.0
<,kien,>,1,2,0.5
<,aca,sigue,1,4,0.25
aca,sigue,chispeando,1,1,1.0
sigue,chispeando,>,1,1,1.0
la,conoci,ayer,1,1,1.0
pq,la,conoci,1,1,1.0
ya,toy,>,1,2,0.5
<,en,ksita,1,6,0.16666666666666666
en,ksita,>,1,1,1.0
bien,",",a,1,3,0.3333333333333333
donde,la,sacaste,1,1,1.0
<,de,donde,1,24,0.041666666666666664
<,te,la,1,11,0.09090909090909091
le,parecia,>,1,1,1.0
ya,lo,tengo,1,4,0.25
una,ai,en,1,2,0.5
ai,en,la,1,1,1.0
de,q,si,1,13,0.07692307692307693
q,si,hacen,1,4,0.25
si,hacen,live,1,1,1.0
hacen,live,action,1,1,1.0
live,action,debe,1,1,1.0
ex,izone,>,1,1,1.0
action,debe,ser,1,1,1.0
debe,ser,ai,1,1,1.0
ser,ai,ella,1,1,1.0
ai,ella,>,1,1,1.0
<,si,jajaj,1,114,0.008771929824561403
es,ex,izone,1,1,1.0
de,hecho,tenia,1,7,0.14285714285714285
<,es,ex,1,39,0.02564102564102564
hecho,tenia,>,1,1,1.0
<,una,portada,1,2,0.5
un,ratote,>,1,1,1.0
una,portada,q,1,1,1.0
portada,q,se,1,1,1.0
q,se,le,1,6,0.16666666666666666
ser,una,ai,1,1,1.0
de,ser,una,1,1,1.0
lo,tengo,>,1,1,1.0
<,tmb,sabes,1,4,0.25
<,busca,si,1,2,0.5
llama,jajaja,>,1,1,1.0
se,llama,jajaja,1,4,0.25
<,claro,q,1,8,0.125
claro,q,no,1,1,1.0
q,no,>,1,6,0.16666666666666666
<,si,se,1,114,0.008771929824561403
si,se,parecen,1,3,0.3333333333333333
se,parecen,pero,1,1,1.0
parecen,pero,no,1,1,1.0
asi,se,llama,1,1,1.0
<,ira,ira,1,1,1.0
<,asi,se,1,9,0.1111111111111111
<,jigumi,>,1,1,1.0
tmb,sabes,>,1,1,1.0
<,me,da,1,31,0.03225806451612903
me,da,vibes,1,4,0.25
da,vibes,de,1,1,1.0
vibes,de,ser,1,1,1.0
si,puedes,>,1,1,1.0
<,si,puedes,1,114,0.008771929824561403
ira,ira,>,1,1,1.0
se,le,parecia,1,2,0.5
<,a,ai,1,30,0.03333333333333333
y,ya,>,1,3,0.3333333333333333
a,ai,>,1,1,1.0
ve,la,estrella,1,1,1.0
la,estrella,en,1,1,1.0
estrella,en,su,1,1,1.0
en,su,ojo,1,3,0.3333333333333333
su,ojo,>,1,1,1.0
vdd,q,si,1,2,0.5
q,si,>,1,4,0.25
<,deberian,hacerlo,1,2,0.5
deberian,hacerlo,>,1,1,1.0
<,yo,se,1,18,0.05555555555555555
yo,se,q,1,1,1.0
se,q,todos,1,2,0.5
q,todos,pensamos,1,2,0.5
miku,en,la,1,1,1.0
una,miku,en,1,1,1.0
todos,pensamos,q,1,1,1.0
pensamos,q,es,1,1,1.0
q,es,una,1,5,0.2
es,una,ai,1,2,0.5
una,ai,>,1,2,0.5
<,me,ayudas,1,31,0.03225806451612903
me,ayudas,?,1,1,1.0
ayudas,?,>,1,1,1.0
y,ve,la,1,1,1.0
<,y,ve,1,38,0.02631578947368421
<,akeno,>,1,1,1.0
q,tenia,rayitos,1,1,1.0
<,deja,t,1,3,0.3333333333333333
deja,t,la,1,1,1.0
t,la,ense침o,1,1,1.0
tiene,un,ratote,1,1,1.0
la,ense침o,>,1,1,1.0
<,ya,quede,1,66,0.015151515151515152
ya,tiene,un,1,3,0.3333333333333333
ya,quede,>,1,1,1.0
<,recordaba,q,1,1,1.0
recordaba,q,tenia,1,1,1.0
tenia,rayitos,rosas,1,1,1.0
la,encontreee,>,1,1,1.0
rayitos,rosas,>,1,1,1.0
<,ya,tiene,1,66,0.015151515151515152
<,pero,bueno,1,57,0.017543859649122806
pero,bueno,ya,1,1,1.0
bueno,ya,no,1,1,1.0
ya,no,tiene,1,7,0.14285714285714285
no,tiene,caso,1,2,0.5
tiene,caso,>,1,1,1.0
<,ya,la,1,66,0.015151515151515152
ya,la,encontreee,1,1,1.0
esta,lejitos,>,1,1,1.0
yo,tengo,tremenda,1,2,0.5
su,insta,",",1,1,1.0
si,fuera,ayer,1,1,1.0
dije,q,luego,1,2,0.5
q,luego,va,1,2,0.5
<,fuersa,sis,1,3,0.3333333333333333
luego,va,a,1,1,1.0
va,a,mi,1,4,0.25
a,mi,escuela,1,5,0.2
vida,aca,>,1,1,1.0
mi,escuela,?,1,4,0.25
escuela,?,>,1,1,1.0
q,si,es,1,4,0.25
la,vida,aca,1,7,0.14285714285714285
asi,la,vida,1,1,1.0
si,es,medio,1,3,0.3333333333333333
es,medio,canon,1,1,1.0
",",asi,la,1,2,0.5
medio,canon,>,1,1,1.0
<,lo,normal,1,7,0.14285714285714285
lo,normal,q,1,1,1.0
normal,q,dices,1,1,1.0
te,dije,>,1,4,0.25
<,lo,recuerdo,1,7,0.14285714285714285
lo,recuerdo,>,1,1,1.0
<,como,si,1,7,0.14285714285714285
fuersa,sis,>,1,1,1.0
<,eres,debil,1,2,0.5
eres,debil,saske,1,1,1.0
a,gusto,>,1,1,1.0
acaba,?,>,1,1,1.0
q,acaba,?,1,1,1.0
aun,no,acaba,1,4,0.25
no,acaba,jajaj,1,1,1.0
acaba,jajaj,>,1,1,1.0
asi,q,apurale,1,5,0.2
q,apurale,>,1,1,1.0
<,siguele,>,1,1,1.0
<,q,a,1,29,0.034482758620689655
q,a,gusto,1,1,1.0
<,yo,vengo,1,18,0.05555555555555555
frio,?,>,1,1,1.0
yo,vengo,en,1,1,1.0
en,q,acaba,1,2,0.5
y,en,q,1,2,0.5
vengo,en,la,1,1,1.0
en,la,combi,1,12,0.08333333333333333
<,y,en,1,38,0.02631578947368421
debil,saske,>,1,1,1.0
la,combi,>,1,1,1.0
<,hace,frio,1,1,1.0
hace,frio,?,1,1,1.0
como,si,fuera,1,1,1.0
fuera,ayer,>,1,1,1.0
<,ya,bn,1,66,0.015151515151515152
<,pues,>,1,4,0.25
q,llegue,diciendo,1,1,1.0
llegue,diciendo,eyeyey,1,1,1.0
diciendo,eyeyey,soy,1,1,1.0
eyeyey,soy,yo,1,1,1.0
soy,yo,>,1,1,1.0
<,pues,sepa,1,4,0.25
pues,sepa,pero,1,1,1.0
sepa,pero,hay,1,1,1.0
pero,hay,fotos,1,1,1.0
hay,fotos,de,1,1,1.0
busca,si,quieres,1,1,1.0
ahorita,como,esta,1,1,1.0
y,ahorita,como,1,1,1.0
<,y,ahorita,1,38,0.02631578947368421
fotos,de,mi,1,1,1.0
de,mi,escuela,1,1,1.0
mi,escuela,en,1,4,0.25
yo,tengo,un,1,2,0.5
",",yo,tengo,1,2,0.5
no,",",yo,1,2,0.5
escuela,en,su,1,1,1.0
paso,tt,>,1,1,1.0
en,su,insta,1,3,0.3333333333333333
de,q,llegue,1,13,0.07692307692307693
<,double,kill,1,1,1.0
es,de,q,1,4,0.25
cuando,la,va,1,1,1.0
eii,",",asi,1,1,1.0
creo,q,tiene,1,10,0.1
q,tiene,su,1,1,1.0
tiene,su,novia,1,1,1.0
su,novia,en,1,1,1.0
novia,en,mi,1,1,1.0
en,mi,escuela,1,6,0.16666666666666666
mi,escuela,>,1,4,0.25
<,entonces,cuando,1,1,1.0
entonces,cuando,la,1,1,1.0
la,va,a,1,1,1.0
no,es,de,1,5,0.2
<,eii,",",1,3,0.3333333333333333
va,a,ver,1,4,0.25
a,ver,se,1,2,0.5
",",pobrecita,>,1,1,1.0
ver,se,mete,1,1,1.0
se,mete,>,1,1,1.0
bueno,",",pobrecita,1,1,1.0
que,bueno,",",1,2,0.5
double,kill,>,1,1,1.0
pero,no,es,1,18,0.05555555555555555
del,que,?,1,1,1.0
ya,bn,tarde,1,1,1.0
<,yo,tengo,1,18,0.05555555555555555
aunque,siento,que,1,1,1.0
luego,ni,viene,1,1,1.0
ni,viene,>,1,1,1.0
<,ni,si,1,5,0.2
yo,bien,kenchana,1,1,1.0
ni,si,quiera,1,1,1.0
si,quiera,me,1,1,1.0
quiera,me,gusta,1,1,1.0
me,gusta,kurko,1,4,0.25
gusta,kurko,q,1,1,1.0
kurko,q,dices,1,1,1.0
<,pues,en,1,4,0.25
<,yo,bien,1,18,0.05555555555555555
pues,en,si,1,1,1.0
en,si,me,1,1,1.0
si,me,gusta,1,4,0.25
me,gusta,mucho,1,4,0.25
gusta,mucho,rhcp,1,1,1.0
mucho,rhcp,>,1,1,1.0
pero,tmb,me,1,2,0.5
tmb,me,gusta,1,1,1.0
me,gusta,metallica,1,4,0.25
gusta,metallica,jjaja,1,1,1.0
metallica,jjaja,>,1,1,1.0
bien,kenchana,en,1,1,1.0
profe,luego,ni,1,1,1.0
mi,profe,luego,1,1,1.0
<,y,digo,1,38,0.02631578947368421
te,la,paso,1,1,1.0
i,know,>,1,1,1.0
la,paso,>,1,1,1.0
<,hoy,salgo,1,6,0.16666666666666666
hoy,salgo,a,1,1,1.0
<,i,know,1,1,1.0
muy,bueno,>,1,1,1.0
<,muy,bueno,1,3,0.3333333333333333
digo,itadakimaaaas,>,1,1,1.0
y,digo,itadakimaaaas,1,1,1.0
salgo,a,la,1,1,1.0
pq,mi,profe,1,1,1.0
a,la,1:30,1,3,0.3333333333333333
la,1:30,>,1,1,1.0
<,bueno,se,1,7,0.14285714285714285
madrugada,dice,>,1,1,1.0
la,madrugada,dice,1,1,1.0
en,la,madrugada,1,12,0.08333333333333333
bueno,se,supone,1,1,1.0
kenchana,en,la,1,1,1.0
se,supone,>,1,1,1.0
<,pq,mi,1,17,0.058823529411764705
<,aunque,siento,1,1,1.0
tengo,tarea,>,1,1,1.0
<,del,que,1,3,0.3333333333333333
siento,que,no,1,1,1.0
mmm,the,strokes,1,1,1.0
the,strokes,>,1,1,1.0
<,游땭,>,1,1,1.0
<,yyy,yo,1,1,1.0
yyy,yo,creo,1,1,1.0
creo,q,kings,1,10,0.1
q,kings,of,1,1,1.0
kings,of,leon,1,1,1.0
of,leon,>,1,1,1.0
<,aaaa,xcierto,1,8,0.125
aaaa,xcierto,",",1,1,1.0
ese,?,>,1,1,1.0
xcierto,",",ya,1,1,1.0
es,ese,?,1,1,1.0
",",ya,escuchaste,1,2,0.5
ya,escuchaste,la,1,3,0.3333333333333333
escuchaste,la,dosis,1,1,1.0
la,dosis,diaria,1,1,1.0
dosis,diaria,de,1,1,1.0
diaria,de,nemonemo,1,1,1.0
<,es,ese,1,39,0.02564102564102564
de,nemonemo,?,1,1,1.0
bn,tarde,>,1,1,1.0
<,mmm,the,1,5,0.2
todas,se,ven,1,1,1.0
<,nourrrr,>,1,1,1.0
red,hot,chilli,1,1,1.0
que,no,cuenta,1,3,0.3333333333333333
no,cuenta,como,1,1,1.0
cuenta,como,rock,1,1,1.0
como,rock,>,1,1,1.0
no,se,jajj,1,13,0.07692307692307693
se,jajj,>,1,1,1.0
pq,tengo,tarea,1,2,0.5
q,si,",",1,4,0.25
si,",",red,1,5,0.2
",",red,hot,1,1,1.0
muy,bajo,>,1,1,1.0
me,gusta,>,1,4,0.25
cayo,muy,bajo,1,2,0.5
hot,chilli,peppers,1,1,1.0
chilli,peppers,es,1,1,1.0
peppers,es,mi,1,1,1.0
es,mi,fav,1,3,0.3333333333333333
mi,fav,>,1,3,0.3333333333333333
<,tmb,muse,1,4,0.25
tmb,muse,me,1,1,1.0
muse,me,gusta,1,1,1.0
<,cayo,muy,1,1,1.0
como,esta,?,1,1,1.0
<,hoy,me,1,6,0.16666666666666666
se,ven,jovenes,1,2,0.5
pues,ya,",",1,2,0.5
",",segun,yo,1,1,1.0
segun,yo,asi,1,1,1.0
yo,asi,queda,1,1,1.0
asi,queda,corregido,1,1,1.0
queda,corregido,>,1,1,1.0
<,ya,dijo,1,66,0.015151515151515152
ya,dijo,algo,1,1,1.0
dijo,algo,?,1,1,1.0
ya,te,califico,1,2,0.5
te,califico,la,1,1,1.0
califico,la,practica,1,1,1.0
la,practica,gus,1,1,1.0
practica,gus,?,1,1,1.0
gus,?,>,1,1,1.0
<,oye,chika,1,7,0.14285714285714285
oye,chika,>,1,1,1.0
<,se,vamos,1,10,0.1
se,vamos,a,1,1,1.0
vamos,a,quedarnos,1,2,0.5
a,quedarnos,a,1,1,1.0
quedarnos,a,estudiar,1,1,1.0
a,estudiar,base,1,1,1.0
estudiar,base,de,1,1,1.0
base,de,datos,1,1,1.0
de,datos,>,1,1,1.0
ya,",",segun,1,2,0.5
y,pues,ya,1,1,1.0
<,ok,ahorita,1,5,0.2
<,y,pues,1,38,0.02631578947368421
catsup,y,servilletas,1,1,1.0
y,servilletas,?,1,1,1.0
servilletas,?,?,1,1,1.0
<,a,gerry,1,30,0.03333333333333333
a,gerry,x,1,1,1.0
gerry,x,ejemplo,1,1,1.0
x,ejemplo,>,1,1,1.0
<,jjaajaja,pues,1,1,1.0
jjaajaja,pues,es,1,1,1.0
pues,es,que,1,1,1.0
es,que,nadie,1,5,0.2
que,nadie,sabe,1,1,1.0
nadie,sabe,>,1,1,1.0
<,trae,las,1,1,1.0
trae,las,cosas,1,1,1.0
<,tienes,esta,1,4,0.25
tienes,esta,?,1,1,1.0
<,no,tengo,1,87,0.011494252873563218
no,tengo,justo,1,4,0.25
tengo,justo,eso,1,1,1.0
justo,eso,jaja,1,1,1.0
eso,jaja,>,1,1,1.0
<,oki,neni,1,2,0.5
oki,neni,>,1,1,1.0
<,girl,>,1,1,1.0
<,oyes,>,1,1,1.0
ok,ahorita,se,1,1,1.0
ha,pasado,el,1,1,1.0
de,fotos,pq,1,1,1.0
pq,siento,q,1,1,1.0
no,se,ve,1,13,0.07692307692307693
se,ve,bn,1,4,0.25
ve,bn,en,1,1,1.0
bn,en,algunas,1,1,1.0
en,algunas,>,1,1,1.0
<,sabes,cuales,1,3,0.3333333333333333
sabes,cuales,tablas,1,1,1.0
cuales,tablas,tenemos,1,1,1.0
tablas,tenemos,q,1,1,1.0
tenemos,q,crear,1,1,1.0
q,crear,?,1,1,1.0
crear,?,>,1,1,1.0
<,lo,esperado,1,7,0.14285714285714285
lo,esperado,>,1,1,1.0
<,eh,m치ster,1,2,0.5
eh,m치ster,>,1,1,1.0
<,se,les,1,10,0.1
se,les,va,1,1,1.0
les,va,kemar,1,1,1.0
va,kemar,el,1,1,1.0
kemar,el,cerevro,1,1,1.0
el,cerevro,>,1,1,1.0
<,ni,lo,1,5,0.2
ni,lo,ha,1,1,1.0
fotos,pq,siento,1,1,1.0
bn,de,fotos,1,2,0.5
ahorita,se,los,1,1,1.0
mande,un,bn,1,1,1.0
se,los,voy,1,1,1.0
los,voy,pidiendo,1,1,1.0
voy,pidiendo,>,1,1,1.0
<,thx,>,1,1,1.0
<,pero,aun,1,57,0.017543859649122806
pero,aun,no,1,1,1.0
aun,no,la,1,4,0.25
no,la,hagooo,1,2,0.5
la,hagooo,>,1,1,1.0
<,andaleeeee,>,1,1,1.0
<,bueno,gracia,1,7,0.14285714285714285
bueno,gracia,>,1,1,1.0
<,este,eee,1,3,0.3333333333333333
este,eee,>,1,1,1.0
en,la,bibliotek,1,12,0.08333333333333333
la,bibliotek,>,1,1,1.0
<,oye,>,1,7,0.14285714285714285
<,xfa,>,1,1,1.0
<,nomas,son,1,5,0.2
nomas,son,dos,1,1,1.0
son,dos,esquemas,1,1,1.0
dos,esquemas,pero,1,1,1.0
esquemas,pero,te,1,1,1.0
pero,te,mande,1,3,0.3333333333333333
te,mande,un,1,1,1.0
",",catsup,y,1,1,1.0
salsa,",",catsup,1,1,1.0
la,salsa,",",1,1,1.0
si,estoy,trabajando,1,1,1.0
no,se,q,1,13,0.07692307692307693
se,q,tan,1,2,0.5
q,tan,rapido,1,1,1.0
tan,rapido,se,1,1,1.0
rapido,se,refleje,1,1,1.0
se,refleje,en,1,1,1.0
refleje,en,mi,1,1,1.0
en,mi,saes,1,6,0.16666666666666666
mi,saes,>,1,1,1.0
<,es,ponpompurin,1,39,0.02564102564102564
es,ponpompurin,>,1,1,1.0
<,ahi,te,1,3,0.3333333333333333
ahi,te,las,1,1,1.0
te,las,mando,1,1,1.0
las,mando,>,1,1,1.0
<,tuviste,problema,1,1,1.0
tuviste,problema,metiendo,1,1,1.0
problema,metiendo,tu,1,1,1.0
metiendo,tu,traslapada,1,1,1.0
tu,traslapada,?,1,1,1.0
traslapada,?,>,1,1,1.0
<,joder,no,1,2,0.5
joder,no,>,1,1,1.0
<,si,lo,1,114,0.008771929824561403
si,lo,pidio,1,4,0.25
estoy,trabajando,>,1,1,1.0
que,si,estoy,1,4,0.25
traer,la,salsa,1,1,1.0
es,que,si,1,5,0.2
pooooorrrrr,?,>,1,1,1.0
<,ek,tal,1,1,1.0
ek,tal,ve,1,1,1.0
tal,ve,meta,1,1,1.0
ve,meta,>,1,1,1.0
<,una,>,1,2,0.5
<,jajajajajajaja,entiendo,1,2,0.5
jajajajajajaja,entiendo,>,1,1,1.0
creo,q,ni,1,10,0.1
q,ni,vimos,1,2,0.5
ni,vimos,eso,1,1,1.0
vimos,eso,>,1,1,1.0
<,que,pasa,1,19,0.05263157894736842
que,pasa,chika,1,1,1.0
pasa,chika,>,1,1,1.0
<,aqui,estan,1,1,1.0
aqui,estan,las,1,1,1.0
estan,las,derivadas,1,2,0.5
las,derivadas,q,1,1,1.0
derivadas,q,nos,1,1,1.0
q,nos,faltaban,1,1,1.0
nos,faltaban,>,1,1,1.0
<,va,",",1,9,0.1111111111111111
va,",",gracias,1,1,1.0
",",gracias,>,1,1,1.0
lo,pidio,>,1,1,1.0
<,muchas,cosas,1,1,1.0
muchas,cosas,wuuu,1,1,1.0
cosas,wuuu,>,1,1,1.0
<,a,que,1,30,0.03333333333333333
a,que,o,1,1,1.0
que,o,como,1,1,1.0
<,a,la,1,30,0.03333333333333333
a,la,19,1,3,0.3333333333333333
la,19,no,1,1,1.0
19,no,le,1,1,1.0
no,le,entendi,1,4,0.25
le,entendi,>,1,2,0.5
<,pa,comer,1,1,1.0
pa,comer,jajaja,1,1,1.0
comer,jajaja,>,1,1,1.0
<,jjajajaj,>,1,1,1.0
<,ya,diste,1,66,0.015151515151515152
ya,diste,de,1,1,1.0
diste,de,baja,1,1,1.0
de,baja,estadistica,1,1,1.0
baja,estadistica,?,1,1,1.0
estadistica,?,>,1,1,1.0
ya,se,fueron,1,3,0.3333333333333333
se,fueron,?,1,1,1.0
fueron,?,>,1,1,1.0
<,nos,puedes,1,2,0.5
nos,puedes,traer,1,1,1.0
puedes,traer,la,1,2,0.5
en,letras,>,1,1,1.0
vemos,en,letras,1,1,1.0
tr,vemos,en,1,1,1.0
pq,no,?,1,3,0.3333333333333333
<,deja,los,1,3,0.3333333333333333
deja,los,pido,1,1,1.0
los,pido,>,1,1,1.0
de,nada,chika,1,3,0.3333333333333333
nada,chika,>,1,1,1.0
<,que,si,1,19,0.05263157894736842
que,si,jajaj,1,4,0.25
pero,no,nada,1,18,0.05555555555555555
no,nada,>,1,1,1.0
<,e,master,1,1,1.0
e,master,>,1,1,1.0
<,pedimos,bolis,1,1,1.0
<,tr,vemos,1,1,1.0
pedimos,bolis,>,1,1,1.0
<,oye,que,1,7,0.14285714285714285
oye,que,vieron,1,1,1.0
que,vieron,en,1,1,1.0
vieron,en,probabilidad,1,1,1.0
en,probabilidad,?,1,1,1.0
probabilidad,?,>,1,1,1.0
o,sea,lo,1,6,0.16666666666666666
sea,lo,de,1,1,1.0
de,los,depas,1,4,0.25
los,depas,>,1,1,1.0
lo,ha,pasado,1,1,1.0
pasado,el,profe,1,1,1.0
ven,jovenes,>,1,1,1.0
problema,jaja,y,1,1,1.0
y,me,salieron,1,3,0.3333333333333333
me,salieron,otros,1,1,1.0
salieron,otros,>,1,1,1.0
<,similares,>,1,1,1.0
<,pasanos,loq,1,1,1.0
pasanos,loq,vieron,1,1,1.0
loq,vieron,>,1,1,1.0
<,tienes,el,1,4,0.25
tienes,el,num,1,1,1.0
el,num,3,1,1,1.0
num,3,del,1,1,1.0
3,del,punto,1,1,1.0
del,punto,33,1,1,1.0
punto,33,>,1,1,1.0
haces,un,favor,1,2,0.5
un,favor,plis,1,1,1.0
favor,plis,>,1,1,1.0
<,no,est치n,1,87,0.011494252873563218
no,est치n,las,1,1,1.0
est치n,las,servilletas,1,1,1.0
las,servilletas,>,1,1,1.0
<,que,?,1,19,0.05263157894736842
<,se,la,1,10,0.1
se,la,van,1,1,1.0
la,van,a,1,1,1.0
jaja,y,me,1,1,1.0
el,problema,jaja,1,1,1.0
a,saltar,?,1,1,1.0
buscado,el,problema,1,1,1.0
las,probe,>,1,1,1.0
y,q,dice,1,2,0.5
q,dice,el,1,1,1.0
dice,el,chiko,1,1,1.0
el,chiko,?,1,1,1.0
chiko,?,>,1,1,1.0
<,ya,tomen,1,66,0.015151515151515152
ya,tomen,su,1,1,1.0
tomen,su,descanso,1,1,1.0
su,descanso,chikas,1,1,1.0
descanso,chikas,>,1,1,1.0
<,a,los,1,30,0.03333333333333333
a,los,programas,1,2,0.5
los,programas,me,1,2,0.5
programas,me,refiero,1,1,1.0
me,refiero,a,1,1,1.0
refiero,a,los,1,1,1.0
a,los,de,1,2,0.5
los,de,metodos,1,2,0.5
de,metodos,>,1,1,1.0
<,recuerdo,q,1,1,1.0
recuerdo,q,literal,1,1,1.0
q,literal,habia,1,1,1.0
literal,habia,buscado,1,1,1.0
habia,buscado,el,1,1,1.0
van,a,saltar,1,2,0.5
saltar,?,>,1,1,1.0
el,profe,>,1,1,1.0
unos,programas,en,1,1,1.0
en,eso,>,1,1,1.0
<,que,ps,1,19,0.05263157894736842
que,ps,seg칰n,1,1,1.0
ps,seg칰n,si,1,1,1.0
seg칰n,si,son,1,1,1.0
si,son,bastantes,1,1,1.0
son,bastantes,r치pidos,1,1,1.0
bastantes,r치pidos,>,1,1,1.0
<,aaa,>,1,2,0.5
<,no,tt,1,87,0.011494252873563218
no,tt,>,1,1,1.0
<,graciaaaaaaas,>,1,1,1.0
<,vale,grasias,1,7,0.14285714285714285
vale,grasias,chika,1,1,1.0
<,q,pasa,1,29,0.034482758620689655
q,pasa,we,1,2,0.5
pasa,we,>,1,1,1.0
haces,un,favorsote,1,2,0.5
un,favorsote,>,1,1,1.0
<,ontan,>,1,2,0.5
<,cualeeees,?,1,1,1.0
cualeeees,?,>,1,1,1.0
<,porfiiii,>,1,1,1.0
<,yendo,>,1,1,1.0
<,espera,aaaaaaaaaa,1,1,1.0
programas,en,eso,1,1,1.0
entregar,unos,programas,1,1,1.0
<,oye,oye,1,7,0.14285714285714285
digamos,entregar,unos,1,1,1.0
oye,oye,>,1,1,1.0
me,puedes,prestar,1,2,0.5
puedes,prestar,la,1,1,1.0
prestar,la,tuyo,1,1,1.0
la,tuyo,si,1,1,1.0
tuyo,si,tienes,1,1,1.0
si,tienes,?,1,1,1.0
tienes,?,>,1,1,1.0
<,me,lo,1,31,0.03225806451612903
me,lo,pasas,1,1,1.0
lo,pasas,?,1,1,1.0
pasas,?,>,1,1,1.0
<,y,hasta,1,38,0.02631578947368421
y,hasta,ahi,1,1,1.0
hasta,ahi,>,1,1,1.0
<,y,entonces,1,38,0.02631578947368421
y,entonces,pq,1,1,1.0
entonces,pq,decia,1,1,1.0
pq,decia,q,1,1,1.0
decia,q,tabla,1,1,1.0
q,tabla,productos,1,1,1.0
tabla,productos,>,1,1,1.0
<,tengo,que,1,4,0.25
tengo,que,digamos,1,1,1.0
que,digamos,entregar,1,1,1.0
me,las,probe,1,1,1.0
ya,me,las,1,7,0.14285714285714285
de,ma침ana,>,1,1,1.0
el,precio,de,1,1,1.0
de,una,casa,1,1,1.0
una,casa,para,1,2,0.5
casa,para,cada,1,1,1.0
para,cada,valor,1,1,1.0
cada,valor,de,1,1,1.0
valor,de,la,1,1,1.0
de,la,variable,1,7,0.14285714285714285
la,variable,x,1,1,1.0
variable,x,area,1,1,1.0
x,area,",",1,1,1.0
area,",",la,1,1,1.0
",",la,ecuacion,1,2,0.5
la,ecuacion,se,1,1,1.0
ecuacion,se,obtiene,1,1,1.0
se,obtiene,a,1,1,1.0
obtiene,a,traves,1,1,1.0
a,traves,de,1,1,1.0
traves,de,y,1,1,1.0
de,y,=,1,1,1.0
y,=,mx+b,1,1,1.0
=,mx+b,>,1,1,1.0
<,hiciste,los,1,1,1.0
hiciste,los,ejercicios,1,1,1.0
los,ejercicios,de,1,1,1.0
ejercicios,de,치lgebra,1,1,1.0
precio,de,una,1,1,1.0
sea,el,precio,1,1,1.0
expo,de,ma침ana,1,1,1.0
o,sea,el,1,6,0.16666666666666666
<,estan,bien,1,3,0.3333333333333333
estan,bien,bonitas,1,1,1.0
bien,bonitas,las,1,1,1.0
bonitas,las,pantunflas,1,1,1.0
las,pantunflas,>,1,1,1.0
<,ahi,estan,1,3,0.3333333333333333
ahi,estan,las,1,1,1.0
estan,las,cosas,1,2,0.5
<,el,yisu,1,13,0.07692307692307693
el,yisu,>,1,1,1.0
<,creabamos,un,1,1,1.0
creabamos,un,modelo,1,1,1.0
un,modelo,de,1,1,1.0
modelo,de,regresion,1,1,1.0
de,regresion,lineal,1,1,1.0
regresion,lineal,el,1,1,1.0
lineal,el,cual,1,1,1.0
el,cual,iba,1,1,1.0
cual,iba,a,1,1,1.0
iba,a,predecir,1,1,1.0
a,predecir,al,1,1,1.0
predecir,al,eje,1,1,1.0
al,eje,y,1,1,1.0
eje,y,o,1,1,1.0
y,o,sea,1,1,1.0
de,치lgebra,de,1,1,1.0
치lgebra,de,hoy,1,1,1.0
de,hoy,?,1,2,0.5
hoy,?,>,1,1,1.0
una,memoria,usb,1,1,1.0
memoria,usb,para,1,1,1.0
usb,para,ma침ana,1,1,1.0
<,wwww,>,1,1,1.0
<,me,pasas,1,31,0.03225806451612903
me,pasas,tus,1,1,1.0
pasas,tus,ejemplos,1,1,1.0
tus,ejemplos,de,1,1,1.0
ejemplos,de,v칤nculos,1,1,1.0
de,v칤nculos,>,1,1,1.0
<,ok,ok,1,5,0.2
ok,ok,>,1,1,1.0
<,lo,de,1,7,0.14285714285714285
lo,de,planilandia,1,5,0.2
de,planilandia,son,1,1,1.0
planilandia,son,como,1,1,1.0
son,como,puntos,1,2,0.5
como,puntos,extras,1,1,1.0
puntos,extras,o,1,1,1.0
extras,o,como,1,1,1.0
<,oyeeeee,>,1,1,1.0
<,xd,en,1,19,0.05263157894736842
xd,en,la,1,1,1.0
en,la,expo,1,12,0.08333333333333333
la,expo,de,1,1,1.0
necesito,una,memoria,1,1,1.0
que,necesito,una,1,1,1.0
es,que,necesito,1,5,0.2
<,para,q,1,4,0.25
asi,q,no,1,5,0.2
q,no,tengo,1,6,0.16666666666666666
no,tengo,u.u,1,4,0.25
tengo,u.u,",",1,1,1.0
u.u,",",perdoname,1,1,1.0
",",perdoname,>,1,1,1.0
<,tienes,q,1,4,0.25
tienes,q,marcarlos,1,1,1.0
q,marcarlos,>,1,1,1.0
<,claro,neni,1,8,0.125
claro,neni,>,1,1,1.0
para,q,o,1,1,1.0
master,kepaso,>,1,1,1.0
q,o,q,1,1,1.0
<,preguntale,al,1,1,1.0
preguntale,al,charmander,1,1,1.0
al,charmander,>,1,1,1.0
de,q,hay,1,13,0.07692307692307693
q,hay,?,1,1,1.0
ya,nada,jaja,1,2,0.5
nada,jaja,>,1,1,1.0
<,ya,llegamos,1,66,0.015151515151515152
ya,llegamos,master,1,1,1.0
llegamos,master,kepaso,1,1,1.0
como,pooooorrrrr,?,1,1,1.0
<,como,pooooorrrrr,1,7,0.14285714285714285
tu,tranqui,>,1,1,1.0
hoy,vamos,a,1,1,1.0
a,hacer,tarea,1,1,1.0
hacer,tarea,de,1,2,0.5
tarea,de,bases,1,2,0.5
de,bases,de,1,1,1.0
bases,de,dstos,1,1,1.0
de,dstos,>,1,1,1.0
creo,q,en,1,10,0.1
q,en,ru,1,1,1.0
en,ru,caso,1,1,1.0
ru,caso,solo,1,1,1.0
caso,solo,son,1,1,1.0
solo,son,>,1,1,1.0
<,3,>,1,1,1.0
<,sobre,el,1,2,0.5
sobre,el,problemario,1,1,1.0
el,problemario,>,1,1,1.0
<,otra,pregunta,1,1,1.0
otra,pregunta,jeje,1,1,1.0
pregunta,jeje,>,1,1,1.0
<,esa,ya,1,1,1.0
esa,ya,las,1,1,1.0
ya,las,tengo,1,1,1.0
las,tengo,jajaj,1,1,1.0
tengo,jajaj,>,1,1,1.0
<,n9,le,1,1,1.0
vamos,a,hacer,1,2,0.5
<,hoy,vamos,1,6,0.16666666666666666
le,entendi,tampoco,1,2,0.5
<,oki,>,1,2,0.5
viernes,hara,un,1,1,1.0
hara,un,examen,1,1,1.0
un,examen,de,1,2,0.5
examen,de,5,1,2,0.5
de,5,preguntas,1,1,1.0
5,preguntas,>,1,1,1.0
es,que,no,1,5,0.2
que,no,s칠,1,3,0.3333333333333333
no,s칠,qu칠,1,1,1.0
s칠,qu칠,poner,1,1,1.0
qu칠,poner,>,1,1,1.0
<,esos,4,1,1,1.0
esos,4,>,1,1,1.0
<,porfa,>,1,1,1.0
<,a,nono,1,30,0.03333333333333333
a,nono,",",1,1,1.0
nono,",",era,1,1,1.0
",",era,el,1,1,1.0
era,el,6,1,1,1.0
el,6,jejeje,1,1,1.0
6,jejeje,>,1,1,1.0
<,siguiente,>,1,1,1.0
<,ok,entiendo,1,5,0.2
ok,entiendo,:(,1,1,1.0
entiendo,:(,>,1,1,1.0
n9,le,entendi,1,1,1.0
entendi,tampoco,jaja,1,1,1.0
<,tu,tranqui,1,4,0.25
tenias,q,demostrar,1,1,1.0
demostrar,lo,q,1,1,1.0
lo,q,esta,1,6,0.16666666666666666
q,esta,en,1,1,1.0
esta,en,pluma,1,1,1.0
en,pluma,con,1,1,1.0
pluma,con,base,1,1,1.0
con,base,en,1,1,1.0
base,en,lo,1,1,1.0
en,lo,sabido,1,2,0.5
lo,sabido,",",1,1,1.0
sabido,",",q,1,1,1.0
",",q,es,1,1,1.0
q,es,lo,1,5,0.2
es,lo,de,1,2,0.5
lo,de,lapiz,1,5,0.2
de,lapiz,>,1,1,1.0
<,niii,>,1,1,1.0
<,un,momento,1,4,0.25
un,momento,>,1,1,1.0
de,nada,:),1,3,0.3333333333333333
nada,:),>,1,1,1.0
<,me,puso,1,31,0.03225806451612903
me,puso,eso,1,1,1.0
puso,eso,>,1,1,1.0
pero,no,tengo,1,18,0.05555555555555555
q,demostrar,lo,1,1,1.0
pero,tenias,q,1,1,1.0
tampoco,jaja,>,1,1,1.0
",",pero,tenias,1,3,0.3333333333333333
<,el,examen,1,13,0.07692307692307693
el,examen,vale,1,2,0.5
examen,vale,1pto,1,1,1.0
vale,1pto,extra,1,1,1.0
1pto,extra,>,1,1,1.0
<,estos,>,1,1,1.0
<,uff,>,1,1,1.0
<,hola,",",1,3,0.3333333333333333
hola,",",si,1,1,1.0
",",si,estan,1,2,0.5
si,estan,en,1,1,1.0
estan,en,mi,1,1,1.0
en,mi,carpeta,1,6,0.16666666666666666
mi,carpeta,>,1,1,1.0
<,tengo,flojera,1,4,0.25
tengo,flojera,>,1,1,1.0
<,de,aki,1,24,0.041666666666666664
de,aki,la,1,1,1.0
aki,la,demostracion,1,1,1.0
la,demostracion,no,1,1,1.0
demostracion,no,la,1,1,1.0
no,la,hice,1,2,0.5
la,hice,jeje,1,1,1.0
hice,jeje,",",1,1,1.0
jeje,",",pero,1,1,1.0
este,viernes,hara,1,1,1.0
<,este,viernes,1,3,0.3333333333333333
el,extendido,>,1,1,1.0
<,nooo,",",1,4,0.25
",",de,hecho,1,1,1.0
creo,q,saku,1,10,0.1
q,saku,ya,1,1,1.0
saku,ya,tiene,1,1,1.0
ya,tiene,>,1,3,0.3333333333333333
<,27,>,1,1,1.0
<,siii,jajjaja,1,31,0.03225806451612903
siii,jajjaja,>,1,1,1.0
de,hecho,si,1,7,0.14285714285714285
hecho,si,me,1,1,1.0
si,me,dio,1,4,0.25
me,dio,miedo,1,3,0.3333333333333333
dio,miedo,>,1,1,1.0
ahorita,ya,estoy,1,2,0.5
<,etooo,>,1,1,1.0
ya,estamos,aki,1,2,0.5
estamos,aki,>,1,1,1.0
<,q,estudiosos,1,29,0.034482758620689655
q,estudiosos,>,1,1,1.0
<,solo,esto,1,5,0.2
solo,esto,llevaba,1,1,1.0
esto,llevaba,la,1,1,1.0
llevaba,la,tarea,1,1,1.0
la,tarea,de,1,1,1.0
tarea,de,econom칤a,1,2,0.5
nooo,",",de,1,1,1.0
cumplio,20,>,1,1,1.0
es,el,extendido,1,2,0.5
apenas,cumplio,20,1,1,1.0
pero,esta,bn,1,2,0.5
esta,bn,random,1,4,0.25
bn,random,que,1,1,1.0
random,que,en,1,1,1.0
que,en,izone,1,1,1.0
en,izone,se,1,1,1.0
izone,se,llevaran,1,1,1.0
se,llevaran,tantos,1,1,1.0
llevaran,tantos,a침os,1,1,1.0
tantos,a침os,de,1,1,1.0
a침os,de,edad,1,1,1.0
de,edad,algunas,1,1,1.0
edad,algunas,miembros,1,1,1.0
algunas,miembros,>,1,1,1.0
<,pq,yena,1,17,0.058823529411764705
pq,yena,tiene,1,1,1.0
yena,tiene,25,1,1,1.0
tiene,25,",",1,2,0.5
25,",",sakura,1,1,1.0
",",sakura,creo,1,1,1.0
sakura,creo,26,1,1,1.0
creo,26,y,1,1,1.0
26,y,wonyo,1,1,1.0
y,wonyo,apenas,1,1,1.0
wonyo,apenas,cumplio,1,1,1.0
de,econom칤a,>,1,1,1.0
<,oye,otra,1,7,0.14285714285714285
oye,otra,jaja,1,1,1.0
otra,jaja,>,1,1,1.0
quieres,?,>,1,1,1.0
<,jajaja,pues,1,16,0.0625
jajaja,pues,i,1,1,1.0
pues,i,quieres,1,1,1.0
i,quieres,ma침ana,1,1,1.0
quieres,ma침ana,le,1,1,1.0
ma침ana,le,decimos,1,1,1.0
le,decimos,>,1,1,1.0
<,oye,master,1,7,0.14285714285714285
pero,caro,>,1,1,1.0
oye,master,>,1,1,1.0
<,pero,naaaa,1,57,0.017543859649122806
pero,naaaa,>,1,1,1.0
ya,estamos,en,1,2,0.5
estamos,en,nuestra,1,1,1.0
en,nuestra,casa,1,1,1.0
nuestra,casa,>,1,1,1.0
ya,nada,>,1,2,0.5
<,meti,ciberseguridad,1,1,1.0
meti,ciberseguridad,en,1,1,1.0
ciberseguridad,en,su,1,1,1.0
en,su,lugar,1,3,0.3333333333333333
su,lugar,>,1,1,1.0
pero,si,es,1,2,0.5
si,es,el,1,3,0.3333333333333333
qu칠,quieres,?,1,1,1.0
porque,qu칠,quieres,1,1,1.0
<,porque,qu칠,1,3,0.3333333333333333
<,meper,?,1,1,1.0
<,oyeeee,>,1,1,1.0
<,te,estoy,1,11,0.09090909090909091
te,estoy,marcando,1,1,1.0
estoy,marcando,>,1,1,1.0
ya,no,lo,1,7,0.14285714285714285
no,lo,usan,1,3,0.3333333333333333
lo,usan,los,1,1,1.0
usan,los,chabos,1,1,1.0
los,chabos,>,1,1,1.0
<,eh,eh,1,2,0.5
eh,eh,>,1,1,1.0
meper,?,>,1,1,1.0
<,nop,>,1,1,1.0
<,nada,m치s,1,5,0.2
nada,m치s,pienso,1,1,1.0
m치s,pienso,hacer,1,1,1.0
pienso,hacer,lo,1,1,1.0
hacer,lo,de,1,1,1.0
lo,de,este,1,5,0.2
de,este,ejercicio,1,1,1.0
este,ejercicio,>,1,1,1.0
<,van,a,1,1,1.0
van,a,querer,1,2,0.5
a,querer,>,1,1,1.0
no,tengo,una,1,4,0.25
tengo,una,jajaj,1,1,1.0
una,jajaj,>,1,1,1.0
<,q,buskes,1,29,0.034482758620689655
buskes,bien,>,1,1,1.0
no,me,dejaron,1,8,0.125
me,dejaron,>,1,1,1.0
<,perrito,emocionado,1,1,1.0
perrito,emocionado,>,1,1,1.0
me,puedes,traer,1,2,0.5
puedes,traer,mis,1,2,0.5
traer,mis,cosas,1,1,1.0
mis,cosas,?,1,1,1.0
cosas,?,>,1,1,1.0
<,oye,chica,1,7,0.14285714285714285
oye,chica,>,1,1,1.0
<,jjajaj,>,1,1,1.0
<,hacemos,un,1,1,1.0
hacemos,un,trato,1,1,1.0
un,trato,?,1,1,1.0
trato,?,>,1,1,1.0
no,los,tengo,1,2,0.5
los,tengo,>,1,1,1.0
<,pens칠,que,1,1,1.0
pens칠,que,era,1,1,1.0
que,era,del,1,1,1.0
era,del,normal,1,1,1.0
del,normal,>,1,1,1.0
de,nada,>,1,3,0.3333333333333333
q,buskes,bien,1,1,1.0
con,m칩ni,>,1,1,1.0
ah,ya,>,1,1,1.0
checar,con,m칩ni,1,1,1.0
donde,andas,?,1,1,1.0
andas,?,>,1,1,1.0
<,o,a,1,14,0.07142857142857142
o,a,rodrigo,1,1,1.0
a,rodrigo,>,1,1,1.0
<,porque,ya,1,3,0.3333333333333333
porque,ya,empezaron,1,1,1.0
ya,empezaron,a,1,1,1.0
empezaron,a,venir,1,1,1.0
a,venir,los,1,1,1.0
venir,los,de,1,1,1.0
los,de,la,1,2,0.5
de,la,dig,1,7,0.14285714285714285
la,dig,clase,1,1,1.0
dig,clase,>,1,1,1.0
<,porque,?,1,3,0.3333333333333333
porque,?,>,1,1,1.0
<,nomas,corre,1,5,0.2
nomas,corre,>,1,1,1.0
<,ma침ana,a,1,5,0.2
ma침ana,a,ver,1,1,1.0
a,ver,si,1,2,0.5
si,lo,puedo,1,4,0.25
lo,puedo,checar,1,1,1.0
puedo,checar,con,1,1,1.0
<,kepasa,chiko,1,1,1.0
kepasa,chiko,>,1,1,1.0
<,andaleeee,>,1,1,1.0
<,chekale,en,1,1,1.0
los,coches,>,1,1,1.0
es,q,moni,1,11,0.09090909090909091
q,moni,me,1,1,1.0
moni,me,dijo,1,1,1.0
me,dijo,q,1,1,1.0
dijo,q,estaban,1,1,1.0
q,estaban,malitos,1,1,1.0
estaban,malitos,los,1,1,1.0
malitos,los,programas,1,1,1.0
los,programas,q,1,2,0.5
programas,q,teniamos,1,1,1.0
q,teniamos,u.u,1,1,1.0
teniamos,u.u,>,1,1,1.0
<,sabes,c칩mo,1,3,0.3333333333333333
sabes,c칩mo,se,1,1,1.0
c칩mo,se,hace,1,1,1.0
se,hace,eso,1,2,0.5
hace,eso,?,1,1,1.0
ya,no,te,1,7,0.14285714285714285
no,te,va,1,5,0.2
te,va,a,1,1,1.0
va,a,hablar,1,4,0.25
a,hablar,>,1,1,1.0
<,ontan,x100000,1,2,0.5
ontan,x100000,>,1,1,1.0
de,los,coches,1,4,0.25
hago,lo,de,1,1,1.0
yo,hago,lo,1,1,1.0
que,creo,que,1,1,1.0
chekale,en,la,1,1,1.0
en,la,mochila,1,12,0.08333333333333333
la,mochila,de,1,1,1.0
mochila,de,monika,1,1,1.0
de,monika,y,1,1,1.0
monika,y,en,1,1,1.0
y,en,la,1,2,0.5
en,la,de,1,12,0.08333333333333333
la,de,ernrsto,1,2,0.5
de,ernrsto,>,1,1,1.0
es,que,creo,1,5,0.2
creo,que,si,1,1,1.0
si,yo,hago,1,1,1.0
que,si,me,1,4,0.25
si,me,voy,1,4,0.25
me,voy,a,1,1,1.0
voy,a,tardar,1,4,0.25
a,tardar,>,1,1,1.0
<,si,tt,1,114,0.008771929824561403
si,tt,>,1,1,1.0
<,avr,te,1,5,0.2
avr,te,parece,1,1,1.0
te,parece,si,1,2,0.5
parece,si,yo,1,1,1.0
<,donde,andas,1,5,0.2
<,ah,ya,1,2,0.5
<,ayudaaaaaa,>,1,1,1.0
seee,",",칩sea,1,1,1.0
칩sea,pero,me,1,1,1.0
pero,me,perece,1,4,0.25
me,perece,que,1,1,1.0
perece,que,se,1,1,1.0
que,se,crea,1,1,1.0
se,crea,dentro,1,1,1.0
crea,dentro,de,1,1,1.0
dentro,de,los,1,1,1.0
de,los,c칩digos,1,4,0.25
los,c칩digos,en,1,1,1.0
c칩digos,en,c,1,1,1.0
en,c,sharp,1,1,1.0
c,sharp,>,1,1,1.0
<,dimeeeee,>,1,1,1.0
<,hola,>,1,3,0.3333333333333333
es,q,eso,1,11,0.09090909090909091
q,eso,de,1,1,1.0
eso,de,memorias,1,1,1.0
de,memorias,es,1,1,1.0
memorias,es,de,1,1,1.0
es,de,la,1,4,0.25
de,la,decada,1,7,0.14285714285714285
la,decada,pasada,1,1,1.0
decada,pasada,>,1,1,1.0
creo,q,es,1,10,0.1
",",칩sea,pero,1,1,1.0
no,seee,",",1,3,0.3333333333333333
en,10,>,1,1,1.0
jajajaj,no,seee,1,2,0.5
<,ni,que,1,5,0.2
ni,que,fuera,1,1,1.0
que,fuera,a,1,1,1.0
fuera,a,vender,1,1,1.0
a,vender,>,1,1,1.0
es,q,las,1,11,0.09090909090909091
q,las,otras,1,1,1.0
las,otras,no,1,1,1.0
otras,no,les,1,1,1.0
no,les,entendi,1,1,1.0
les,entendi,>,1,1,1.0
<,tabn,",",1,3,0.3333333333333333
tabn,",",yo,1,1,1.0
",",yo,igual,1,2,0.5
yo,igual,hare,1,1,1.0
igual,hare,nomas,1,1,1.0
hare,nomas,ese,1,1,1.0
nomas,ese,bl,1,1,1.0
ese,bl,>,1,1,1.0
<,ai,>,1,1,1.0
<,jajajjajaja,>,1,1,1.0
si,te,los,1,3,0.3333333333333333
te,los,pasaron,1,1,1.0
los,pasaron,,1,1,1.0
pasaron,,>,1,1,1.0
q,es,algo,1,5,0.2
es,algo,de,1,2,0.5
algo,de,diferencia,1,1,1.0
de,diferencia,de,1,1,1.0
pero,pues,hay,1,1,1.0
pues,hay,vamos,1,1,1.0
hay,vamos,>,1,1,1.0
<,?,>,1,1,1.0
<,ah,>,1,2,0.5
y,tu,terminas,1,7,0.14285714285714285
tu,terminas,lo,1,1,1.0
terminas,lo,q,1,1,1.0
lo,q,ya,1,6,0.16666666666666666
q,ya,habia,1,3,0.3333333333333333
ya,habia,dejado,1,1,1.0
habia,dejado,?,1,1,1.0
dejado,?,>,1,1,1.0
<,ya,llego,1,66,0.015151515151515152
ya,llego,tu,1,1,1.0
llego,tu,pedido,1,1,1.0
tu,pedido,neni,1,1,1.0
pedido,neni,>,1,1,1.0
<,pero,por,1,57,0.017543859649122806
pero,por,tirarla,1,1,1.0
por,tirarla,se,1,1,1.0
tirarla,se,le,1,1,1.0
se,le,dejo,1,2,0.5
le,dejo,en,1,1,1.0
dejo,en,10,1,1,1.0
<,pero,pues,1,57,0.017543859649122806
fotos,?,>,1,1,1.0
tomando,fotos,?,1,1,1.0
estaba,en,mi,1,1,1.0
diferencia,de,velocidad,1,1,1.0
de,velocidad,o,1,1,1.0
velocidad,o,algo,1,1,1.0
o,algo,asi,1,2,0.5
algo,asi,>,1,1,1.0
<,:(,>,1,1,1.0
<,o,",",1,14,0.07142857142857142
o,",",sorry,1,1,1.0
",",sorry,no,1,1,1.0
sorry,no,estaba,1,1,1.0
no,estaba,en,1,1,1.0
<,neta,si,1,1,1.0
estas,tomando,fotos,1,1,1.0
neta,si,wey,1,1,1.0
si,wey,>,1,1,1.0
<,ernesto,con,1,1,1.0
ernesto,con,sus,1,1,1.0
con,sus,frases,1,1,1.0
sus,frases,de,1,1,1.0
frases,de,se침ora,1,1,1.0
de,se침ora,>,1,1,1.0
<,claro,chica,1,8,0.125
claro,chica,>,1,1,1.0
<,estas,tomando,1,1,1.0
<,vavava,>,1,1,1.0
la,imagennn,>,1,1,1.0
<,pero,caro,1,57,0.017543859649122806
eso,hago,>,1,1,1.0
15,dias,de,1,1,1.0
dias,de,antiguedad,1,1,1.0
de,antiguedad,en,1,1,1.0
antiguedad,en,el,1,1,1.0
el,roblo,>,1,2,0.5
<,mi,tareaaa,1,4,0.25
mi,tareaaa,>,1,1,1.0
<,esmuchaaaa,>,1,1,1.0
<,eso,es,1,9,0.1111111111111111
eso,es,vdd,1,1,1.0
<,eso,hago,1,9,0.1111111111111111
voy,a,comer,1,4,0.25
debemos,tener,15,1,1,1.0
a,comer,un,1,1,1.0
comer,un,yogurt,1,1,1.0
un,yogurt,orita,1,1,1.0
yogurt,orita,>,1,1,1.0
se,si,sea,1,3,0.3333333333333333
si,sea,prudente,1,1,1.0
sea,prudente,>,1,1,1.0
no,me,gustan,1,8,0.125
me,gustan,los,1,3,0.3333333333333333
gustan,los,lacteos,1,1,1.0
los,lacteos,de,1,1,1.0
tener,15,dias,1,1,1.0
q,debemos,tener,1,1,1.0
de,fresa,>,1,1,1.0
<,donde,los,1,5,0.2
<,me,kede,1,31,0.03225806451612903
me,kede,dormida,1,1,1.0
kede,dormida,>,1,1,1.0
<,jajajqjqj,>,1,1,1.0
<,no,x,1,87,0.011494252873563218
no,x,favor,1,1,1.0
x,favor,>,1,1,1.0
<,queee,>,1,1,1.0
hay,q,comprobarlo,1,4,0.25
q,comprobarlo,>,1,1,1.0
<,sabe,>,1,1,1.0
donde,los,venden,1,1,1.0
lastima,q,debemos,1,2,0.5
los,venden,o,1,1,1.0
venden,o,k,1,1,1.0
o,k,>,1,1,1.0
ya,no,kiero,1,7,0.14285714285714285
no,kiero,hacer,1,3,0.3333333333333333
kiero,hacer,tarea,1,1,1.0
hacer,tarea,>,1,2,0.5
<,que,dijistes,1,19,0.05263157894736842
que,dijistes,>,1,1,1.0
hay,q,jugar,1,4,0.25
q,jugar,>,1,1,1.0
lacteos,de,fresa,1,1,1.0
<,orita,>,1,2,0.5
los,creditos,jajaja,1,1,1.0
que,miedo,>,1,1,1.0
no,se,",",1,13,0.07692307692307693
se,",",tal,1,2,0.5
",",tal,vez,1,1,1.0
<,notekreo,>,1,1,1.0
<,gracias,neni,1,19,0.05263157894736842
gracias,neni,>,1,1,1.0
<,que,caro,1,19,0.05263157894736842
que,caro,>,1,1,1.0
<,si,claro,1,114,0.008771929824561403
si,claro,>,1,1,1.0
<,que,miedo,1,19,0.05263157894736842
<,mi,termo,1,4,0.25
es,real,>,1,1,1.0
mi,termo,>,1,1,1.0
mi,me,dio,1,2,0.5
me,dio,>,1,3,0.3333333333333333
<,mas,>,1,3,0.3333333333333333
<,me,mori,1,31,0.03225806451612903
me,mori,de,1,1,1.0
mori,de,la,1,1,1.0
<,jajajaja,pq,1,14,0.07142857142857142
jajajaja,pq,dices,1,1,1.0
dices,eso,?,1,2,0.5
voy,a,comerrrr,1,4,0.25
<,yokreo,>,1,1,1.0
no,es,real,1,5,0.2
<,tenia,mucho,1,1,1.0
siok,la,historia,1,1,1.0
tenia,mucho,sue침o,1,1,1.0
mucho,sue침o,u.u,1,1,1.0
sue침o,u.u,>,1,1,1.0
mimi,bn,y,1,2,0.5
bn,y,no,1,1,1.0
y,no,so침e,1,1,1.0
<,avrlo,>,1,1,1.0
no,me,convence,1,8,0.125
me,convence,>,1,1,1.0
esta,muy,siok,1,2,0.5
muy,siok,la,1,1,1.0
la,historia,>,1,1,1.0
lo,recuerdes,>,1,1,1.0
<,pero,juguemoslo,1,57,0.017543859649122806
pero,juguemoslo,avr,1,1,1.0
juguemoslo,avr,q,1,1,1.0
avr,q,tal,1,1,1.0
<,aun,me,1,4,0.25
aun,me,falta,1,1,1.0
me,falta,un,1,1,1.0
falta,un,monton,1,1,1.0
<,no,m,1,87,0.011494252873563218
no,m,lo,1,1,1.0
m,lo,recuerdes,1,1,1.0
creditos,jajaja,>,1,1,1.0
<,los,creditos,1,2,0.5
<,esperateee,>,1,1,1.0
y,de,hoy,1,2,0.5
habia,visto,q,1,2,0.5
visto,q,dijeran,1,1,1.0
q,dijeran,samyang,1,1,1.0
dijeran,samyang,>,1,1,1.0
<,al,ver,1,3,0.3333333333333333
al,ver,mi,1,1,1.0
ver,mi,examen,1,1,1.0
mi,examen,de,1,1,1.0
examen,de,ayer,1,2,0.5
de,ayer,y,1,1,1.0
ayer,y,de,1,1,1.0
de,hoy,>,1,2,0.5
q,nunca,habia,1,1,1.0
<,eso,crees,1,9,0.1111111111111111
eso,crees,>,1,1,1.0
<,tu,>,1,4,0.25
<,hoy,jugamo,1,6,0.16666666666666666
hoy,jugamo,?,1,1,1.0
jugamo,?,>,1,1,1.0
<,panas,>,1,1,1.0
<,tengo,sue침o,1,4,0.25
<,patroclo,>,1,1,1.0
<,q,posser,1,29,0.034482758620689655
q,posser,>,1,1,1.0
nunca,habia,visto,1,1,1.0
es,q,nunca,1,11,0.09090909090909091
como,no,te,1,1,1.0
otro,rato,",",1,1,1.0
no,he,probado,1,3,0.3333333333333333
he,probado,>,1,2,0.5
ni,la,buldak,1,2,0.5
la,buldak,>,1,1,1.0
ya,me,los,1,7,0.14285714285714285
me,los,acabe,1,1,1.0
los,acabe,>,1,1,1.0
<,este,>,1,3,0.3333333333333333
<,deja,estudio,1,3,0.3333333333333333
deja,estudio,otro,1,1,1.0
estudio,otro,rato,1,1,1.0
rato,",",es,1,1,1.0
",",es,q,1,3,0.3333333333333333
",",es,a,1,3,0.3333333333333333
es,a,las,1,1,1.0
a,las,10:30,1,4,0.25
las,10:30,>,1,1,1.0
<,ya,kedo,1,66,0.015151515151515152
ya,kedo,el,1,1,1.0
kedo,el,examen,1,1,1.0
el,examen,>,1,2,0.5
<,a,sii,1,30,0.03333333333333333
a,sii,",",1,1,1.0
sii,",",es,1,1,1.0
<,como,no,1,7,0.14285714285714285
no,te,enteraste,1,5,0.2
<,vda,>,1,1,1.0
no,puedes,hacer,1,1,1.0
",",nomas,pones,1,1,1.0
nomas,pones,a,1,1,1.0
pones,a,tu,1,1,1.0
a,tu,mono,1,1,1.0
tu,mono,a,1,1,1.0
mono,a,bailar,1,1,1.0
a,bailar,kpop,1,1,1.0
bailar,kpop,>,1,1,1.0
y,ya,",",1,3,0.3333333333333333
ya,",",no,1,2,0.5
",",no,puedes,1,1,1.0
puedes,hacer,nd,1,1,1.0
de,eso,",",1,1,1.0
hacer,nd,mas,1,1,1.0
nd,mas,>,1,1,1.0
<,no,le,1,87,0.011494252873563218
no,le,saben,1,4,0.25
le,saben,>,1,1,1.0
<,la,vida,1,11,0.09090909090909091
un,otaku,jajajaj,1,3,0.3333333333333333
otaku,jajajaj,>,1,1,1.0
<,kedo,sp,1,1,1.0
kedo,sp,bn,1,1,1.0
sp,bn,>,1,1,1.0
eso,",",nomas,1,1,1.0
<,de,eso,1,24,0.041666666666666664
te,enteraste,desde,1,1,1.0
<,roblox,>,1,2,0.5
enteraste,desde,antes,1,1,1.0
desde,antes,>,1,1,1.0
ya,se,me,1,3,0.3333333333333333
se,me,hizo,1,1,1.0
me,hizo,>,1,1,1.0
<,y,como,1,38,0.02631578947368421
y,como,q,1,1,1.0
como,q,gllit,1,1,1.0
q,gllit,>,1,1,1.0
lol,q,noob,1,2,0.5
q,noob,>,1,1,1.0
<,q,cuteee,1,29,0.034482758620689655
ese,juego,>,1,1,1.0
q,cuteee,>,1,1,1.0
<,estot,haciendo,1,1,1.0
estot,haciendo,padtel,1,1,1.0
haciendo,padtel,>,1,1,1.0
<,pastel,>,1,1,1.0
<,ulisesjuega17,-.-,1,1,1.0
ulisesjuega17,-.-,>,1,1,1.0
<,esta,feo,1,10,0.1
esta,feo,>,1,1,1.0
o,sea,ese,1,6,0.16666666666666666
sea,ese,juego,1,1,1.0
a,comerrrr,>,1,1,1.0
<,donde,>,1,5,0.2
<,pero,creo,1,57,0.017543859649122806
<,toy,cansaa,1,1,1.0
<,dame,opciones,1,3,0.3333333333333333
dame,opciones,>,1,1,1.0
<,jqjajaj,me,1,1,1.0
jqjajaj,me,da,1,1,1.0
me,da,mucha,1,4,0.25
da,mucha,risa,1,1,1.0
mucha,risa,cuando,1,1,1.0
risa,cuando,pones,1,1,1.0
cuando,pones,eso,1,1,1.0
pones,eso,>,1,1,1.0
<,botate,>,1,1,1.0
<,pero,toy,1,57,0.017543859649122806
a,regalar,?,1,1,1.0
pero,toy,cansaa,1,1,1.0
<,pero,deja,1,57,0.017543859649122806
pero,deja,mimir,1,1,1.0
deja,mimir,>,1,1,1.0
<,vere,mi,1,1,1.0
vere,mi,asmr,1,1,1.0
mi,asmr,artist,1,1,1.0
asmr,artist,favorito,1,1,1.0
artist,favorito,>,1,1,1.0
<,ahora,es,1,1,1.0
ahora,es,>,1,1,1.0
regalar,?,>,1,1,1.0
vas,a,regalar,1,1,1.0
<,el,>,1,13,0.07692307692307693
<,bendiciones,>,1,1,1.0
<,cheap,>,1,1,1.0
si,a,si,1,2,0.5
a,si,>,1,3,0.3333333333333333
<,ps,botate,1,3,0.3333333333333333
ps,botate,>,1,1,1.0
<,por,eso,1,2,0.5
por,eso,se,1,1,1.0
eso,se,duermen,1,1,1.0
se,duermen,>,1,1,1.0
<,con,dengue,1,4,0.25
con,dengue,>,1,1,1.0
es,q,embeses,1,11,0.09090909090909091
me,vas,a,1,1,1.0
q,embeses,si,1,1,1.0
embeses,si,se,1,1,1.0
si,se,pasan,1,3,0.3333333333333333
se,pasan,>,1,1,1.0
<,sigo,en,1,2,0.5
sigo,en,la,1,1,1.0
en,la,escuelaaaaaa,1,12,0.08333333333333333
la,escuelaaaaaa,>,1,1,1.0
<,perfecto,>,1,1,1.0
<,que,me,1,19,0.05263157894736842
que,me,vas,1,1,1.0
<,...,>,1,1,1.0
<,mol,>,1,1,1.0
<,caro,>,1,1,1.0
pero,ese,estaba,1,1,1.0
me,vicie,>,1,1,1.0
<,ocupaba,jugar,1,1,1.0
ocupaba,jugar,en,1,1,1.0
jugar,en,las,1,1,1.0
en,las,sillas,1,1,1.0
las,sillas,>,1,1,1.0
pero,no,pule,1,18,0.05555555555555555
no,pule,>,1,1,1.0
no,te,creaaas,1,5,0.2
te,creaaas,>,1,1,1.0
<,pero,ese,1,57,0.017543859649122806
ese,estaba,bn,1,1,1.0
<,akii,>,1,1,1.0
estaba,bn,feo,1,1,1.0
bn,feo,jajajaj,1,2,0.5
feo,jajajaj,>,1,1,1.0
<,hola,estoy,1,3,0.3333333333333333
hola,estoy,en,1,1,1.0
estoy,en,escuela,1,5,0.2
en,escuela,>,1,1,1.0
ya,me,kiero,1,7,0.14285714285714285
me,kiero,ir,1,1,1.0
kiero,ir,>,1,1,1.0
<,expuse,nomas,1,1,1.0
<,me,vicie,1,31,0.03225806451612903
ey,ola,>,1,1,1.0
<,me,cayo,1,31,0.03225806451612903
<,apoko,?,1,3,0.3333333333333333
me,cayo,muy,1,1,1.0
cayo,muy,>,1,2,0.5
<,nuestro,>,1,1,1.0
<,me,recordo,1,31,0.03225806451612903
me,recordo,al,1,1,1.0
recordo,al,solo,1,1,1.0
al,solo,de,1,1,1.0
solo,de,yeojun,1,1,1.0
de,yeojun,>,1,1,1.0
<,me,cacheteo,1,31,0.03225806451612903
me,cacheteo,>,1,1,1.0
apoko,?,>,1,1,1.0
<,ey,ola,1,2,0.5
<,nosabia,>,1,1,1.0
<,nos,cacheteo,1,2,0.5
nos,cacheteo,>,1,1,1.0
<,mandaselo,jajaj,1,1,1.0
mandaselo,jajaj,>,1,1,1.0
<,100%,real,1,1,1.0
100%,real,>,1,1,1.0
<,pero,esa,1,57,0.017543859649122806
pero,esa,es,1,1,1.0
esa,es,canon,1,1,1.0
es,canon,>,1,1,1.0
<,expensive,>,1,1,1.0
<,foraneos,>,1,1,1.0
<,sincro,>,1,1,1.0
mucho,ceros,>,1,1,1.0
<,yo,solo,1,18,0.05555555555555555
yo,solo,kiero,1,1,1.0
solo,kiero,lo,1,1,1.0
kiero,lo,q,1,1,1.0
lo,q,todos,1,6,0.16666666666666666
q,todos,queremos,1,2,0.5
todos,queremos,una,1,1,1.0
queremos,una,cuenta,1,1,1.0
una,cuenta,con,1,1,1.0
cuenta,con,mucho,1,1,1.0
con,mucho,ceros,1,1,1.0
mimi,bn,pero,1,2,0.5
juveniles,ahi,tmb,1,1,1.0
buenos,dias,chika,1,3,0.3333333333333333
dias,chika,>,1,1,1.0
<,ya,llegue,1,66,0.015151515151515152
ya,llegue,>,1,1,1.0
<,tiene,poco,1,1,1.0
tiene,poco,>,1,1,1.0
<,como,1,1,7,0.14285714285714285
como,1,hora,1,1,1.0
1,hora,>,1,1,1.0
<,pues,ya,1,4,0.25
pues,ya,ves,1,2,0.5
ahi,tmb,>,1,1,1.0
eran,juveniles,ahi,1,1,1.0
ves,tt,>,1,1,1.0
me,rechazo,>,1,1,1.0
<,:),>,1,1,1.0
<,sobre,todo,1,2,0.5
sobre,todo,por,1,1,1.0
todo,por,la,1,1,1.0
por,la,vida,1,1,1.0
un,otaku,>,1,3,0.3333333333333333
kien,sabeee,>,1,2,0.5
<,no,vi,1,87,0.011494252873563218
no,vi,>,1,1,1.0
<,seguro,me,1,1,1.0
seguro,me,rechazo,1,1,1.0
<,jajsjsja,>,1,1,1.0
q,eran,juveniles,1,1,1.0
hay,q,irse,1,4,0.25
q,irse,x,1,1,1.0
irse,x,el,1,1,1.0
x,el,mal,1,2,0.5
el,mal,>,1,1,1.0
me,recordaste,el,1,2,0.5
recordaste,el,ark,1,1,1.0
el,ark,",",1,1,1.0
ark,",",ves,1,1,1.0
",",ves,q,1,1,1.0
ves,q,eran,1,1,1.0
ya,ves,tt,1,1,1.0
<,pero,desde,1,57,0.017543859649122806
ejo,ji,>,1,1,1.0
pregunto,si,habra,1,1,1.0
a,lo,mejor,1,1,1.0
lo,mejor,si,1,1,1.0
mejor,si,>,1,1,1.0
<,algo,basico,1,1,1.0
algo,basico,>,1,1,1.0
<,uy,>,1,3,0.3333333333333333
y,q,tal,1,2,0.5
<,ps,si,1,3,0.3333333333333333
ps,si,>,1,1,1.0
<,me,pregunto,1,31,0.03225806451612903
me,pregunto,si,1,1,1.0
si,habra,de,1,1,1.0
<,vaaa,>,1,1,1.0
habra,de,esos,1,1,1.0
de,esos,para,1,1,1.0
esos,para,mi,1,1,1.0
para,mi,carrera,1,2,0.5
mi,carrera,>,1,1,1.0
<,un,ojo,1,4,0.25
un,ojo,de,1,1,1.0
ojo,de,la,1,1,1.0
de,la,cara,1,7,0.14285714285714285
la,cara,>,1,1,1.0
<,ejo,ji,1,1,1.0
<,a,lo,1,30,0.03333333333333333
ya,tengo,sue침o,1,2,0.5
pero,desde,q,1,1,1.0
al,roblox,>,1,1,1.0
desde,q,jugue,1,1,1.0
q,jugue,la,1,1,1.0
jugue,la,vida,1,1,1.0
un,otaku,",",1,3,0.3333333333333333
otaku,",",ya,1,1,1.0
",",ya,no,1,2,0.5
ya,no,le,1,7,0.14285714285714285
no,le,tengo,1,4,0.25
le,tengo,fe,1,1,1.0
tengo,fe,al,1,1,1.0
fe,al,roblox,1,1,1.0
<,deberian,hacer,1,2,0.5
pero,ya,tengo,1,4,0.25
deberian,hacer,un,1,1,1.0
hacer,un,juego,1,1,1.0
un,juego,asi,1,2,0.5
juego,asi,>,1,1,1.0
<,y,jugar,1,38,0.02631578947368421
y,jugar,roblox,1,1,1.0
jugar,roblox,>,1,1,1.0
<,noooooooooo,>,1,1,1.0
pero,no,puedo,1,18,0.05555555555555555
ahorita,ya,acabe,1,2,0.5
ya,acabe,>,1,1,1.0
<,no,he,1,87,0.011494252873563218
<,cualll,>,1,1,1.0
jajajaj,graciaaaas,>,1,1,1.0
dio,remordimiemto,>,1,1,1.0
miercoles,empiezan,>,1,1,1.0
<,ayuda,dios,1,3,0.3333333333333333
ayuda,dios,>,1,1,1.0
<,jugamos,>,1,1,1.0
<,roblox,?,1,2,0.5
roblox,?,>,1,1,1.0
<,estoy,aburrida,1,2,0.5
estoy,aburrida,>,1,1,1.0
pero,ya,me,1,4,0.25
ya,me,dio,1,7,0.14285714285714285
me,dio,remordimiemto,1,3,0.3333333333333333
q,no,he,1,6,0.16666666666666666
<,el,miercoles,1,13,0.07692307692307693
no,he,estudiado,1,3,0.3333333333333333
he,estudiado,>,1,1,1.0
<,si,vdd,1,114,0.008771929824561403
si,vdd,>,1,1,1.0
<,tienes,cuenta,1,4,0.25
tienes,cuenta,?,1,1,1.0
cuenta,?,>,1,1,1.0
<,create,>,1,1,1.0
<,me,agregas,1,31,0.03225806451612903
me,agregas,>,1,1,1.0
<,pasa,id,1,1,1.0
el,miercoles,empiezan,1,1,1.0
<,hoy,>,1,6,0.16666666666666666
<,te,kreo,1,11,0.09090909090909091
mi,kibble,>,1,1,1.0
mucho,azucar,>,1,1,1.0
<,para,mi,1,4,0.25
para,mi,>,1,2,0.5
<,me,empalaga,1,31,0.03225806451612903
me,empalaga,>,1,1,1.0
<,con,cajeta,1,4,0.25
con,cajeta,>,1,1,1.0
<,nomas,cajeta,1,5,0.2
nomas,cajeta,>,1,1,1.0
<,xfavor,>,1,1,1.0
es,mi,kibble,1,3,0.3333333333333333
<,pero,como,1,57,0.017543859649122806
soy,rokera,>,1,1,1.0
pero,como,soy,1,1,1.0
como,soy,r,1,1,1.0
soy,r,>,1,1,1.0
<,debes,dsrme,1,1,1.0
debes,dsrme,tmb,1,1,1.0
dsrme,tmb,un,1,1,1.0
tmb,un,bluebook,1,1,1.0
un,bluebook,>,1,1,1.0
<,poke,ahora,1,8,0.125
poke,ahora,soy,1,1,1.0
ahora,soy,rokera,1,1,1.0
pasa,id,>,1,1,1.0
te,kreo,>,1,1,1.0
cereal,?,>,1,1,1.0
<,mira,mira,1,1,1.0
<,q,so침aste,1,29,0.034482758620689655
q,so침aste,>,1,1,1.0
<,bn,pero,1,5,0.2
<,ya,tus,1,66,0.015151515151515152
ya,tus,22,1,1,1.0
tus,22,>,1,1,1.0
<,akiii,>,1,1,1.0
<,me,amaban,1,31,0.03225806451612903
me,amaban,>,1,1,1.0
<,q,tonto,1,29,0.034482758620689655
q,tonto,>,1,1,1.0
mira,mira,>,1,1,1.0
ya,desperte,>,1,1,1.0
<,es,el,1,39,0.02564102564102564
es,el,sprayy,1,2,0.5
el,sprayy,>,1,1,1.0
no,me,carga,1,8,0.125
me,carga,>,1,1,1.0
<,quien,essss,1,4,0.25
quien,essss,>,1,1,1.0
<,akiora,?,1,2,0.5
akiora,?,>,1,1,1.0
<,necesito,saber,1,1,1.0
necesito,saber,kien,1,1,1.0
<,hajaja,>,1,1,1.0
pero,ya,desperte,1,4,0.25
<,ma침ana,busquemos,1,5,0.2
te,odiooo,>,1,1,1.0
ma침ana,busquemos,un,1,1,1.0
busquemos,un,juego,1,1,1.0
un,juego,donde,1,2,0.5
juego,donde,si,1,1,1.0
donde,si,se,1,1,1.0
si,se,vea,1,3,0.3333333333333333
se,vea,nuestro,1,1,1.0
vea,nuestro,mono,1,1,1.0
nuestro,mono,>,1,1,1.0
<,quedamos,>,1,1,1.0
no,te,odiooo,1,5,0.2
<,me,diverti,1,31,0.03225806451612903
me,dormi,>,1,1,1.0
me,diverti,>,1,1,1.0
<,gracias,por,1,19,0.05263157894736842
gracias,por,jugar,1,1,1.0
por,jugar,>,1,1,1.0
<,es,adictivo,1,39,0.02564102564102564
es,adictivo,>,1,1,1.0
<,pobre,nana,1,1,1.0
pobre,nana,>,1,1,1.0
<,asi,cualkiera,1,9,0.1111111111111111
asi,cualkiera,>,1,1,1.0
<,me,dormi,1,31,0.03225806451612903
<,mucho,azucar,1,2,0.5
q,cereal,?,1,1,1.0
<,jajajaj,graciaaaas,1,46,0.021739130434782608
algo,es,algo,1,1,1.0
si,tengo,libre,1,1,1.0
tengo,libre,el,1,1,1.0
libre,el,martes,1,1,1.0
el,martes,tmb,1,1,1.0
martes,tmb,>,1,1,1.0
<,el,lunes,1,13,0.07692307692307693
el,lunes,no,1,1,1.0
lunes,no,jajaj,1,1,1.0
no,jajaj,>,1,1,1.0
<,pero,algo,1,57,0.017543859649122806
pero,algo,es,1,1,1.0
es,algo,>,1,2,0.5
<,y,si,1,38,0.02631578947368421
lastima,q,sera,1,2,0.5
q,sera,dia,1,1,1.0
sera,dia,libre,1,1,1.0
dia,libre,para,1,1,1.0
libre,para,estudiar,1,1,1.0
para,estudiar,:),1,1,1.0
estudiar,:),>,1,1,1.0
pq,tengo,10000,1,2,0.5
tengo,10000,examenes,1,1,1.0
10000,examenes,>,1,1,1.0
esta,semana,>,1,2,0.5
y,si,tengo,1,1,1.0
metro,apenas,>,1,1,1.0
no,he,hecho,1,3,0.3333333333333333
luego,la,otra,1,1,1.0
me,toco,tremendo,1,1,1.0
toco,tremendo,maraton,1,1,1.0
tremendo,maraton,>,1,1,1.0
de,hecho,jajajaj,1,7,0.14285714285714285
hecho,jajajaj,>,1,1,1.0
<,niyo,>,1,1,1.0
<,y,trngo,1,38,0.02631578947368421
y,trngo,un,1,1,1.0
trngo,un,bn,1,1,1.0
bn,de,tarea,1,2,0.5
y,luego,la,1,3,0.3333333333333333
otra,semana,ya,1,2,0.5
el,metro,apenas,1,1,1.0
semana,ya,tengo,1,1,1.0
ya,tengo,examenes,1,2,0.5
tengo,examenes,>,1,1,1.0
<,cual,,1,2,0.5
cual,,>,1,1,1.0
<,100000000,peso,1,1,1.0
100000000,peso,>,1,1,1.0
jajajaj,no,cierto,1,2,0.5
<,ando,en,1,2,0.5
ando,en,el,1,1,1.0
en,el,metro,1,6,0.16666666666666666
aun,no,he,1,4,0.25
he,hecho,ningun,1,1,1.0
de,q,cereal,1,13,0.07692307692307693
<,tu,q,1,4,0.25
<,perdon,por,1,4,0.25
perdon,por,no,1,1,1.0
por,no,ayudarte,1,1,1.0
no,ayudarte,>,1,1,1.0
<,cuales,compraste,1,3,0.3333333333333333
cuales,compraste,?,1,1,1.0
compraste,?,>,1,1,1.0
ya,estoy,mejor,1,5,0.2
estoy,mejor,y,1,1,1.0
mejor,y,mimi,1,1,1.0
y,mimi,>,1,1,1.0
me,muero,yo,1,2,0.5
estaba,mimida,a,1,2,0.5
muero,yo,de,1,1,1.0
<,igual,me,1,1,1.0
igual,me,gustaron,1,1,1.0
me,gustaron,mas,1,1,1.0
gustaron,mas,esas,1,1,1.0
mas,esas,jajaj,1,1,1.0
esas,jajaj,>,1,1,1.0
esta,bn,feo,1,4,0.25
bn,feo,estar,1,2,0.5
feo,estar,malito,1,1,1.0
estar,malito,>,1,1,1.0
mimida,a,esa,1,1,1.0
ya,estaba,mimida,1,2,0.5
hecho,ningun,examen,1,1,1.0
<,no,puedo,1,87,0.011494252873563218
ningun,examen,>,1,1,1.0
esta,semana,empiezan,1,2,0.5
semana,empiezan,>,1,1,1.0
<,me,enferme,1,31,0.03225806451612903
me,enferme,>,1,1,1.0
<,maldita,fokin,1,1,1.0
maldita,fokin,gripa,1,1,1.0
fokin,gripa,>,1,1,1.0
<,desde,la,1,1,1.0
desde,la,ma침ana,1,1,1.0
la,ma침ana,>,1,1,1.0
<,tengo,un,1,4,0.25
<,ya,estaba,1,66,0.015151515151515152
un,monton,de,1,3,0.3333333333333333
monton,de,tarea,1,1,1.0
<,si,estuve,1,114,0.008771929824561403
si,estuve,>,1,1,1.0
<,pero,ora,1,57,0.017543859649122806
pero,ora,ya,1,1,1.0
ora,ya,me,1,1,1.0
ya,me,siento,1,7,0.14285714285714285
me,siento,mal,1,1,1.0
siento,mal,>,1,1,1.0
<,olaola,>,1,1,1.0
saber,kien,essss,1,1,1.0
kien,essss,>,1,1,1.0
<,a,las,1,30,0.03333333333333333
se,alcance,a,1,1,1.0
<,deseame,suerte,1,1,1.0
deseame,suerte,aun,1,1,1.0
suerte,aun,asi,1,1,1.0
aun,asi,>,1,1,1.0
<,la,q,1,11,0.09090909090909091
la,q,pusieron,1,1,1.0
q,pusieron,en,1,1,1.0
pusieron,en,combi,1,1,1.0
en,combi,>,1,1,1.0
espero,q,se,1,3,0.3333333333333333
q,se,alcance,1,6,0.16666666666666666
alcance,a,escuchar,1,1,1.0
<,cuales,hay,1,3,0.3333333333333333
a,escuchar,jajaja,1,1,1.0
escuchar,jajaja,>,1,1,1.0
<,gracias,x,1,19,0.05263157894736842
gracias,x,tu,1,1,1.0
x,tu,buenos,1,1,1.0
tu,buenos,deseos,1,1,1.0
buenos,deseos,>,1,1,1.0
<,pense,q,1,1,1.0
pense,q,ni,1,2,0.5
q,ni,se,1,2,0.5
ni,se,escucharia,1,1,1.0
cuales,hay,>,1,1,1.0
<,el+tibio,>,1,1,1.0
escucharia,nd,>,1,1,1.0
en,el,momento,1,6,0.16666666666666666
ni,me,acordaba,1,1,1.0
me,acordaba,>,1,1,1.0
<,si,le,1,114,0.008771929824561403
si,le,se,1,2,0.5
le,se,",",1,1,1.0
se,",",pero,1,2,0.5
",",pero,me,1,3,0.3333333333333333
da,miedo,no,1,2,0.5
miedo,no,acordarme,1,1,1.0
no,acordarme,en,1,1,1.0
acordarme,en,el,1,1,1.0
el,momento,>,1,1,1.0
a,mimir,>,1,1,1.0
<,aun,?,1,4,0.25
aun,?,>,1,1,1.0
<,pero,hablo,1,57,0.017543859649122806
pero,hablo,de,1,1,1.0
hablo,de,los,1,1,1.0
de,los,nuestross,1,4,0.25
los,nuestross,>,1,1,1.0
<,dios,kiera,1,1,1.0
dios,kiera,>,1,1,1.0
<,ya,a,1,66,0.015151515151515152
ya,a,mimir,1,1,1.0
se,escucharia,nd,1,1,1.0
si,",",>,1,5,0.2
a,las,9,1,4,0.25
examen,q,tengo,1,1,1.0
se,ve,bno,1,4,0.25
ve,bno,>,1,1,1.0
<,ma침ana,jugamo,1,5,0.2
ma침ana,jugamo,va,1,1,1.0
jugamo,va,>,1,1,1.0
<,hoy,tengo,1,6,0.16666666666666666
hoy,tengo,q,1,1,1.0
q,estudiar,para,1,2,0.5
estudiar,para,otro,1,1,1.0
para,otro,examen,1,1,1.0
otro,examen,q,1,1,1.0
q,tengo,ma침ana,1,2,0.5
<,era,eseee,1,1,1.0
tengo,ma침ana,>,1,1,1.0
<,si,la,1,114,0.008771929824561403
si,la,he,1,1,1.0
la,he,probado,1,1,1.0
he,probado,",",1,2,0.5
probado,",",muy,1,1,1.0
",",muy,ekis,1,1,1.0
muy,ekis,no,1,1,1.0
ekis,no,?,1,1,1.0
<,kiasco,>,1,1,1.0
<,mense침as,>,1,1,1.0
era,eseee,>,1,1,1.0
aaa,sii,>,1,1,1.0
<,estuvo,dificil,1,1,1.0
ojala,vivir,en,1,1,1.0
estuvo,dificil,la,1,1,1.0
dificil,la,vda,1,1,1.0
el,mas,kpoper,1,2,0.5
mas,kpoper,>,1,1,1.0
y,luego,negro,1,3,0.3333333333333333
luego,negro,>,1,1,1.0
<,saka,>,1,1,1.0
<,sopita,>,1,1,1.0
<,esta,bueno,1,10,0.1
esta,bueno,>,1,1,1.0
<,ojala,vivir,1,7,0.14285714285714285
vivir,en,una,1,1,1.0
<,aaa,sii,1,2,0.5
en,una,casa,1,1,1.0
una,casa,aai,1,2,0.5
casa,aai,>,1,1,1.0
<,asi,>,1,9,0.1111111111111111
q,tal,estuvo,1,7,0.14285714285714285
tal,estuvo,?,1,1,1.0
estuvo,?,>,1,1,1.0
<,q,marca,1,29,0.034482758620689655
q,marca,era,1,1,1.0
marca,era,?,1,1,1.0
era,?,>,1,1,1.0
ya,ni,me,1,1,1.0
<,ya,ni,1,66,0.015151515151515152
q,espero,>,1,1,1.0
<,kisierasss,>,1,1,1.0
<,en,inclusive,1,6,0.16666666666666666
en,inclusive,mas,1,1,1.0
inclusive,mas,bn,1,1,1.0
mas,bn,>,1,1,1.0
<,ya,neni,1,66,0.015151515151515152
ya,neni,>,1,1,1.0
<,ya,vengo,1,66,0.015151515151515152
ya,vengo,tmb,1,1,1.0
vengo,tmb,>,1,1,1.0
<,hasta,ma침ana,1,2,0.5
hasta,ma침ana,>,1,1,1.0
<,hasta,eso,1,2,0.5
tu,23,jajjajj,1,1,1.0
hasta,eso,los,1,1,1.0
eso,los,backrooms,1,1,1.0
los,backrooms,si,1,1,1.0
backrooms,si,tenian,1,1,1.0
si,tenian,graficos,1,1,1.0
tenian,graficos,medio,1,1,1.0
graficos,medio,aceptables,1,1,1.0
medio,aceptables,>,1,1,1.0
<,toda,asustada,1,1,1.0
toda,asustada,>,1,1,1.0
<,aaaa,",",1,8,0.125
23,jajjajj,>,1,1,1.0
y,tu,23,1,7,0.14285714285714285
lo,q,espero,1,6,0.16666666666666666
pq,veo,mucho,1,1,1.0
las,9,>,1,1,1.0
<,sioke,>,1,1,1.0
<,pq,queria,1,17,0.058823529411764705
pq,queria,ver,1,1,1.0
queria,ver,si,1,1,1.0
si,lo,topaba,1,4,0.25
lo,topaba,>,1,1,1.0
<,desepsionada,>,1,1,1.0
<,quisieras,>,1,1,1.0
<,na,>,1,1,1.0
<,pq,veo,1,17,0.058823529411764705
veo,mucho,la,1,1,1.0
olaf,?,>,1,1,1.0
mucho,la,rosa,1,1,1.0
la,rosa,jajaj,1,1,1.0
rosa,jajaj,>,1,1,1.0
<,silensio,>,1,1,1.0
<,shhh,22,1,1,1.0
shhh,22,>,1,1,1.0
<,pero,apoco,1,57,0.017543859649122806
pero,apoco,se,1,1,1.0
apoco,se,llama,1,1,1.0
se,llama,olaf,1,4,0.25
llama,olaf,?,1,1,1.0
aaaa,",",ojala,1,1,1.0
",",ojala,me,1,1,1.0
ojala,me,hubiera,1,1,1.0
otra,semana,>,1,2,0.5
<,destinada,a,1,1,1.0
destinada,a,tener,1,1,1.0
a,tener,dieces,1,1,1.0
tener,dieces,pq,1,1,1.0
dieces,pq,soy,1,1,1.0
pq,soy,un,1,1,1.0
soy,un,10/10,1,1,1.0
un,10/10,xdd,1,1,1.0
10/10,xdd,>,1,1,1.0
no,",",la,1,2,0.5
",",la,otra,1,2,0.5
la,vdd,estan,1,4,0.25
me,hubiera,visto,1,1,1.0
vdd,estan,bn,1,1,1.0
estan,bn,zzz,1,2,0.5
bn,zzz,>,1,1,1.0
<,ma침ana,tengo,1,5,0.2
ma침ana,tengo,un,1,1,1.0
tengo,un,examen,1,3,0.3333333333333333
un,examen,bn,1,2,0.5
examen,bn,dificil,1,1,1.0
bn,dificil,>,1,1,1.0
<,es,lo,1,39,0.02564102564102564
es,lo,q,1,2,0.5
dices,eso,>,1,2,0.5
",",pq,dices,1,1,1.0
oraaaa,",",pq,1,1,1.0
jajajaj,oraaaa,",",1,1,1.0
hubiera,visto,",",1,1,1.0
visto,",",bno,1,1,1.0
",",bno,nimo2,1,1,1.0
bno,nimo2,>,1,1,1.0
<,ella,>,1,1,1.0
<,yo,kiero,1,18,0.05555555555555555
yo,kiero,q,1,1,1.0
kiero,q,ya,1,1,1.0
q,ya,termine,1,3,0.3333333333333333
ya,termine,la,1,1,1.0
termine,la,temporada,1,1,1.0
la,temporada,de,1,1,1.0
temporada,de,examenes,1,1,1.0
de,examenes,>,1,1,1.0
<,yo,te,1,18,0.05555555555555555
yo,te,vi,1,1,1.0
te,vi,>,1,1,1.0
<,moriiiir,>,1,1,1.0
<,me,ense침as,1,31,0.03225806451612903
me,ense침as,cuales,1,2,0.5
ense침as,cuales,encuentras,1,1,1.0
cuales,encuentras,>,1,1,1.0
<,jajajaj,oraaaa,1,46,0.021739130434782608
expuse,nomas,>,1,1,1.0
pero,creo,q,1,1,1.0
jugar,?,>,1,1,1.0
to,bien,y,1,3,0.3333333333333333
va,la,tesis,1,2,0.5
la,tesis,>,1,2,0.5
<,nadie,",",1,1,1.0
nadie,",",es,1,1,1.0
",",es,obligatorio,1,3,0.3333333333333333
es,obligatorio,tt,1,1,1.0
obligatorio,tt,>,1,1,1.0
<,ntp,>,1,1,1.0
<,yaaa,>,1,1,1.0
bien,",",to,1,3,0.3333333333333333
",",to,bien,1,1,1.0
<,auchhhh,>,1,1,1.0
si,ya,va,1,1,1.0
no,se,te,1,13,0.07692307692307693
se,te,enterro,1,2,0.5
te,enterro,nada,1,1,1.0
enterro,nada,?,1,1,1.0
nada,?,>,1,1,1.0
<,espero,que,1,4,0.25
espero,que,te,1,1,1.0
que,te,vaya,1,1,1.0
te,vaya,mejor,1,1,1.0
vaya,mejor,en,1,1,1.0
mejor,en,lo,1,1,1.0
ya,va,la,1,1,1.0
ahora,si,ya,1,1,1.0
lo,q,falta,1,6,0.16666666666666666
",",tesis,>,1,1,1.0
tipo,tesis,>,1,1,1.0
y,ya,me,1,3,0.3333333333333333
ya,me,aburri,1,7,0.14285714285714285
me,aburri,>,1,1,1.0
solo,q,aun,1,4,0.25
q,aun,no,1,1,1.0
aun,no,es,1,4,0.25
no,es,la,1,5,0.2
es,la,tesis,1,1,1.0
la,tesis,",",1,2,0.5
tesis,",",tesis,1,1,1.0
<,es,como,1,39,0.02564102564102564
aprueben,ahora,si,1,1,1.0
es,como,plantear,1,1,1.0
como,plantear,la,1,1,1.0
plantear,la,idea,1,1,1.0
la,idea,primero,1,1,1.0
idea,primero,>,1,1,1.0
y,luego,ya,1,3,0.3333333333333333
luego,ya,q,1,1,1.0
ya,q,me,1,1,1.0
q,me,la,1,3,0.3333333333333333
me,la,aprueben,1,2,0.5
la,aprueben,ahora,1,1,1.0
en,lo,q,1,2,0.5
q,falta,del,1,1,1.0
haciendo,una,tipo,1,1,1.0
te,lo,haces,1,2,0.5
<,al,28,1,3,0.3333333333333333
al,28,>,1,1,1.0
<,helao,>,1,1,1.0
<,no,tiene,1,87,0.011494252873563218
no,tiene,tampoco,1,2,0.5
tiene,tampoco,jajaj,1,1,1.0
tampoco,jajaj,>,1,1,1.0
<,04-nov,>,1,1,1.0
<,obvio,>,1,1,1.0
de,q,te,1,13,0.07692307692307693
q,te,lo,1,6,0.16666666666666666
lo,haces,?,1,1,1.0
de,oct,creo,1,1,1.0
haces,?,>,1,1,1.0
<,lol,>,1,4,0.25
<,en,fa,1,6,0.16666666666666666
en,fa,>,1,1,1.0
<,para,ayer,1,4,0.25
para,ayer,>,1,1,1.0
<,te,creoooo,1,11,0.09090909090909091
te,creoooo,>,1,1,1.0
<,puej,>,1,1,1.0
<,re,epica,1,1,1.0
re,epica,esa,1,1,1.0
oct,creo,>,1,1,1.0
25,de,oct,1,1,1.0
falta,del,dia,1,1,1.0
se,te,habia,1,2,0.5
del,dia,>,1,1,1.0
kien,sabeee,omg,1,2,0.5
sabeee,omg,>,1,1,1.0
<,nokreo,>,1,1,1.0
<,ay,q,1,3,0.3333333333333333
ay,q,buenooo,1,1,1.0
q,buenooo,>,1,1,1.0
<,yo,pense,1,18,0.05555555555555555
yo,pense,q,1,1,1.0
pense,q,se,1,2,0.5
q,se,te,1,6,0.16666666666666666
te,habia,clavado,1,1,1.0
del,25,de,1,1,1.0
habia,clavado,x.x,1,1,1.0
clavado,x.x,>,1,1,1.0
<,senti,feo,1,1,1.0
senti,feo,>,1,1,1.0
<,",",veras,1,1,1.0
",",veras,que,1,1,1.0
veras,que,si,1,1,1.0
que,si,>,1,4,0.25
<,animo,animo,1,13,0.07692307692307693
animo,animo,>,1,1,1.0
<,del,25,1,3,0.3333333333333333
una,tipo,tesis,1,1,1.0
ando,haciendo,una,1,1,1.0
esa,escena,>,1,1,1.0
gusta,mas,?,1,1,1.0
algo,muy,importante,1,1,1.0
muy,importante,>,1,1,1.0
<,y,es,1,38,0.02631578947368421
y,es,>,1,1,1.0
<,no,todobn,1,87,0.011494252873563218
no,todobn,>,1,1,1.0
<,no,era,1,87,0.011494252873563218
no,era,>,1,1,1.0
<,cual,te,1,2,0.5
cual,te,gusta,1,1,1.0
te,gusta,mas,1,1,1.0
mas,?,>,1,1,1.0
te,dije,algo,1,4,0.25
asi,q,te,1,5,0.2
q,te,parece,1,6,0.16666666666666666
te,parece,eta,1,2,0.5
parece,eta,?,1,1,1.0
eta,?,>,1,1,1.0
<,yo,keria,1,18,0.05555555555555555
yo,keria,>,1,1,1.0
<,la,otra,1,11,0.09090909090909091
la,otra,>,1,3,0.3333333333333333
<,ayudameeee,>,1,1,1.0
<,ayudame,a,1,1,1.0
dije,algo,muy,1,1,1.0
no,te,dije,1,5,0.2
a,buscar,>,1,1,1.0
poco,mas,intenso,1,1,1.0
el,mas,chefsito,1,2,0.5
mas,chefsito,>,1,1,1.0
se,si,tendria,1,3,0.3333333333333333
si,tendria,q,1,1,1.0
tendria,q,ver,1,1,1.0
q,ver,>,1,1,1.0
<,mmm,yo,1,5,0.2
mmm,yo,creo,1,1,1.0
creo,q,un,1,10,0.1
q,un,poco,1,1,1.0
un,poco,mas,1,1,1.0
mas,intenso,>,1,1,1.0
grasias,neni,>,1,1,1.0
<,talves,>,1,1,1.0
<,pudiese,ser,1,1,1.0
pudiese,ser,>,1,1,1.0
ya,no,>,1,7,0.14285714285714285
<,yo,kisiese,1,18,0.05555555555555555
yo,kisiese,la,1,1,1.0
kisiese,la,vdd,1,1,1.0
da,miedo,la,1,2,0.5
miedo,la,critika,1,1,1.0
la,critika,>,1,1,1.0
<,grasias,neni,1,12,0.08333333333333333
ayudame,a,buscar,1,1,1.0
<,corre,>,1,1,1.0
<,ando,haciendo,1,2,0.5
super,bonita,estaaaaa,1,1,1.0
<,orita,las,1,2,0.5
orita,las,veo,1,1,1.0
las,veo,>,1,1,1.0
<,un,yogursito,1,4,0.25
un,yogursito,>,1,1,1.0
<,tu,ya,1,4,0.25
tu,ya,cenaste,1,1,1.0
ya,cenaste,?,1,1,1.0
cenaste,?,>,1,1,1.0
<,esta,super,1,10,0.1
esta,super,bonita,1,1,1.0
bonita,estaaaaa,tt,1,1,1.0
<,ola,again,1,10,0.1
estaaaaa,tt,>,1,1,1.0
<,por,?,1,2,0.5
por,?,>,1,1,1.0
pero,esta,biennnn,1,2,0.5
esta,biennnn,>,1,1,1.0
<,deveritas,?,1,1,1.0
deveritas,?,>,1,1,1.0
<,perdone,>,1,1,1.0
<,si,to,1,114,0.008771929824561403
si,to,bien,1,1,1.0
solo,q,>,1,4,0.25
ola,again,>,1,1,1.0
a,cenar,>,1,1,1.0
<,donde,sea,1,5,0.2
a,conseguir,sola,1,1,1.0
donde,sea,>,1,1,1.0
<,游뱎,游뱎,1,1,1.0
游뱎,游뱎,>,1,1,1.0
<,lo,acepto,1,7,0.14285714285714285
lo,acepto,>,1,1,1.0
<,apurate,chika,1,1,1.0
apurate,chika,>,1,1,1.0
<,q,no,1,29,0.034482758620689655
no,se,va,1,13,0.07692307692307693
se,va,a,1,1,1.0
va,a,conseguir,1,4,0.25
conseguir,sola,>,1,1,1.0
fui,a,cenar,1,1,1.0
en,la,primera,1,12,0.08333333333333333
la,primera,q,1,2,0.5
primera,q,mandaste,1,1,1.0
q,mandaste,>,1,1,1.0
<,ya,mejor,1,66,0.015151515151515152
ya,mejor,>,1,1,1.0
<,ya,llegan,1,66,0.015151515151515152
ya,llegan,>,1,1,1.0
<,sigo,viva,1,2,0.5
sigo,viva,>,1,1,1.0
<,fui,a,1,1,1.0
epica,esa,escena,1,1,1.0
<,quien,sabee,1,4,0.25
creo,q,me,1,10,0.1
lo,peor,>,1,1,1.0
ya,estaba,petada,1,2,0.5
estaba,petada,a,1,1,1.0
petada,a,esa,1,1,1.0
<,de,cuanto,1,24,0.041666666666666664
de,cuanto,?,1,1,1.0
cuanto,?,?,1,2,0.5
no,lo,vi,1,3,0.3333333333333333
lo,vi,>,1,1,1.0
<,eso,fue,1,9,0.1111111111111111
eso,fue,lo,1,1,1.0
fue,lo,peor,1,1,1.0
<,y,pq,1,38,0.02631578947368421
10,salia,>,1,1,1.0
y,pq,no,1,1,1.0
pq,no,47.5k,1,3,0.3333333333333333
no,47.5k,?,1,1,1.0
47.5k,?,>,1,1,1.0
<,jajajaj,ay,1,46,0.021739130434782608
jajajaj,ay,apoco,1,1,1.0
ay,apoco,>,1,1,1.0
<,acepto,>,1,1,1.0
<,mejor,juego,1,3,0.3333333333333333
mejor,juego,dress,1,1,1.0
juego,dress,to,1,1,1.0
pero,ya,estaba,1,4,0.25
las,10,salia,1,1,1.0
to,impress,>,1,1,1.0
<,acaba,el,1,1,1.0
<,jajajjq,>,1,1,1.0
<,mucho,>,1,2,0.5
pero,no,complicao,1,18,0.05555555555555555
no,complicao,>,1,1,1.0
espero,q,ma침ana,1,3,0.3333333333333333
q,ma침ana,>,1,2,0.5
<,oraaaa,>,1,1,1.0
hay,q,chambear,1,4,0.25
q,chambear,>,1,1,1.0
<,cuando,>,1,2,0.5
<,es,vdd,1,39,0.02564102564102564
acaba,el,prox,1,1,1.0
a,las,10,1,4,0.25
el,prox,a침o,1,1,1.0
prox,a침o,vda,1,1,1.0
a침o,vda,?,1,1,1.0
vda,?,>,1,1,1.0
q,es,eso,1,5,0.2
es,eso,>,1,1,1.0
<,cosas,de,1,1,1.0
cosas,de,niuyork,1,1,1.0
de,niuyork,>,1,1,1.0
<,nonooo,>,1,1,1.0
si,a,las,1,2,0.5
dress,to,impress,1,1,1.0
<,cuando,vino,1,2,0.5
orita,?,>,1,1,1.0
una,churreria,de,1,2,0.5
es,asi,de,1,1,1.0
asi,de,q,1,1,1.0
de,q,",",1,13,0.07692307692307693
q,",",ay,1,1,1.0
",",ay,los,1,1,1.0
ay,los,vende,1,1,1.0
los,vende,un,1,1,1.0
vende,un,se침or,1,1,1.0
un,se침or,>,1,1,1.0
<,es,una,1,39,0.02564102564102564
es,una,churreria,1,2,0.5
churreria,de,cadena,1,1,1.0
no,compro,>,1,1,1.0
de,cadena,>,1,1,1.0
<,se,llama,1,10,0.1
se,llama,don,1,4,0.25
llama,don,porfirio,1,1,1.0
don,porfirio,>,1,1,1.0
aca,igual,>,1,2,0.5
<,omggg,siii,1,4,0.25
omggg,siii,>,1,1,1.0
<,porrr,>,1,1,1.0
<,kieres,jugar,1,1,1.0
kieres,jugar,?,1,1,1.0
no,es,asi,1,5,0.2
<,no,compro,1,87,0.011494252873563218
cuando,vino,wtf,1,1,1.0
aca,x,mi,1,1,1.0
vino,wtf,>,1,1,1.0
<,mi,bffo,1,4,0.25
mi,bffo,",",1,1,1.0
bffo,",",como,1,1,1.0
",",como,el,1,1,1.0
como,el,drizzzz,1,1,1.0
el,drizzzz,>,1,1,1.0
si,",",xfa,1,5,0.2
",",xfa,>,1,1,1.0
<,coinsido,>,1,1,1.0
<,aca,x,1,4,0.25
x,mi,escuela,1,1,1.0
bn,caros,>,1,1,1.0
mi,escuela,hay,1,4,0.25
escuela,hay,una,1,1,1.0
hay,una,churreria,1,2,0.5
una,churreria,muy,1,2,0.5
churreria,muy,buena,1,1,1.0
<,hay,>,1,5,0.2
<,de,>,1,24,0.041666666666666664
<,los,dos,1,2,0.5
los,dos,>,1,1,1.0
<,estan,bn,1,3,0.3333333333333333
estan,bn,caros,1,2,0.5
<,gogog,>,1,1,1.0
ya,orita,?,1,1,1.0
quien,sabee,>,1,1,1.0
sabes,q,>,1,1,1.0
hasta,tarde,en,1,1,1.0
tarde,en,la,1,1,1.0
en,la,escuela,1,12,0.08333333333333333
la,escuela,>,1,1,1.0
<,no,seee,1,87,0.011494252873563218
<,depende,de,1,1,1.0
depende,de,un,1,1,1.0
de,un,prof,1,4,0.25
un,prof,>,1,1,1.0
<,mejor,ma침ana,1,3,0.3333333333333333
<,sabes,q,1,3,0.3333333333333333
solo,q,me,1,4,0.25
q,quedarme,hasta,1,1,1.0
q,me,canso,1,3,0.3333333333333333
me,canso,nomas,1,1,1.0
canso,nomas,de,1,1,1.0
nomas,de,existir,1,1,1.0
de,existir,>,1,1,1.0
de,q,edo,1,13,0.07692307692307693
q,edo,>,1,1,1.0
<,soty,supersonic,1,1,1.0
soty,supersonic,>,1,1,1.0
ni,la,conoces,1,2,0.5
la,conoces,vdd,1,1,1.0
quedarme,hasta,tarde,1,1,1.0
de,q,quedarme,1,13,0.07692307692307693
<,llegue,a,1,1,1.0
q,mejor,ma침ana,1,1,1.0
de,hecho,estaba,1,7,0.14285714285714285
hecho,estaba,mimida,1,1,1.0
estaba,mimida,>,1,2,0.5
<,si,cierto,1,114,0.008771929824561403
si,cierto,>,1,1,1.0
ya,lo,habia,1,4,0.25
lo,habia,olvidado,1,2,0.5
habia,olvidado,>,1,1,1.0
<,te,diria,1,11,0.09090909090909091
te,diria,q,1,1,1.0
diria,q,mejor,1,1,1.0
se,si,ma침ana,1,3,0.3333333333333333
sea,de,q,1,1,1.0
si,ma침ana,si,1,1,1.0
ma침ana,si,jajajaj,1,2,0.5
es,q,creooo,1,11,0.09090909090909091
q,creooo,>,1,1,1.0
<,q,ma침ana,1,29,0.034482758620689655
q,ma침ana,me,1,2,0.5
ma침ana,me,toca,1,1,1.0
me,toca,jornada,1,1,1.0
toca,jornada,laboral,1,1,1.0
jornada,laboral,>,1,1,1.0
o,sea,de,1,6,0.16666666666666666
conoces,vdd,?,1,1,1.0
llegue,a,la,1,1,1.0
<,ya,orita,1,66,0.015151515151515152
mas,claro,ni,1,1,1.0
chika,",",eres,1,1,1.0
",",eres,una,1,1,1.0
eres,una,lucky,1,1,1.0
una,lucky,girl,1,1,1.0
lucky,girl,syndrome,1,1,1.0
girl,syndrome,>,1,1,1.0
<,busca,la,1,2,0.5
busca,la,imagennn,1,1,1.0
hoy,me,toco,1,1,1.0
<,칠pico,>,1,1,1.0
<,mas,claro,1,3,0.3333333333333333
claro,ni,al,1,1,1.0
y,recuerda,chika,1,1,1.0
ni,al,agua,1,1,1.0
al,agua,>,1,1,1.0
<,olaaa,>,1,1,1.0
<,ya,le,1,66,0.015151515151515152
ya,le,llego,1,2,0.5
le,llego,?,1,1,1.0
llego,?,>,1,1,1.0
esta,bn,cara,1,4,0.25
bn,cara,ahi,1,1,1.0
cara,ahi,>,1,1,1.0
<,nosotros,>,1,1,1.0
recuerda,chika,",",1,1,1.0
<,y,recuerda,1,38,0.02631578947368421
a,la,conclusion,1,3,0.3333333333333333
el,de,wintar,1,2,0.5
la,conclusion,de,1,1,1.0
conclusion,de,q,1,1,1.0
de,q,el,1,13,0.07692307692307693
q,el,solo,1,1,1.0
el,solo,q,1,1,1.0
solo,q,mas,1,4,0.25
q,mas,me,1,1,1.0
mas,me,gusto,1,1,1.0
me,gusto,fue,1,2,0.5
gusto,fue,el,1,1,1.0
fue,el,de,1,1,1.0
de,wintar,>,1,1,1.0
<,suerte,>,1,1,1.0
esta,muy,buena,1,2,0.5
<,si,mimi,1,114,0.008771929824561403
si,mimi,bien,1,1,1.0
mimi,bien,",",1,2,0.5
bien,",",aunque,1,3,0.3333333333333333
",",aunque,no,1,1,1.0
aunque,no,keria,1,1,1.0
no,keria,levantarme,1,1,1.0
keria,levantarme,tt,1,1,1.0
levantarme,tt,>,1,1,1.0
<,no,so침e,1,87,0.011494252873563218
<,conste,>,1,1,1.0
suena,muy,bn,1,1,1.0
lily,suena,muy,1,1,1.0
how,sweet,>,1,1,1.0
<,ya,ma침ana,1,66,0.015151515151515152
ya,ma침ana,mejor,1,1,1.0
ma침ana,mejor,>,1,1,1.0
<,si,por,1,114,0.008771929824561403
si,por,>,1,1,1.0
estoy,en,casa,1,5,0.2
en,casa,y,1,1,1.0
casa,y,estuvo,1,1,1.0
y,estuvo,sensiyo,1,1,1.0
estuvo,sensiyo,>,1,1,1.0
<,how,sweet,1,1,1.0
<,si,q,1,114,0.008771929824561403
no,puedooo,>,1,1,1.0
si,q,>,1,1,1.0
de,q,va,1,13,0.07692307692307693
q,va,?,1,1,1.0
va,?,?,1,1,1.0
<,al,rato,1,3,0.3333333333333333
al,rato,lo,1,2,0.5
rato,lo,jugamo,1,1,1.0
lo,jugamo,>,1,1,1.0
<,kiero,>,1,1,1.0
no,se,dice,1,13,0.07692307692307693
se,dice,",",1,1,1.0
<,nombre,>,1,1,1.0
que,no,puedooo,1,3,0.3333333333333333
",",se,hace,1,1,1.0
<,ey,q,1,2,0.5
<,cada,dia,1,1,1.0
cada,dia,mas,1,1,1.0
dia,mas,boomer,1,1,1.0
mas,boomer,omg,1,1,1.0
boomer,omg,>,1,1,1.0
si,",",dormi,1,5,0.2
",",dormi,bien,1,1,1.0
dormi,bien,pero,1,2,0.5
bien,pero,no,1,1,1.0
no,so침e,nada,1,5,0.2
so침e,nada,>,1,1,1.0
ey,q,pasa,1,1,1.0
<,que,no,1,19,0.05263157894736842
q,pasa,>,1,2,0.5
<,he,estado,1,1,1.0
he,estado,ocupada,1,1,1.0
estado,ocupada,>,1,1,1.0
<,me,regalaron,1,31,0.03225806451612903
me,regalaron,un,1,1,1.0
regalaron,un,lighstickkkkk,1,1,1.0
un,lighstickkkkk,>,1,1,1.0
<,literalmente,llore,1,1,1.0
literalmente,llore,>,1,1,1.0
<,frey,>,1,2,0.5
dice,",",se,1,1,1.0
se,hace,>,1,2,0.5
<,gracias,jajaja,1,19,0.05263157894736842
inicio,jajaj,>,1,1,1.0
o,algo,?,1,2,0.5
<,dormi,bien,1,1,1.0
dormi,bien,y,1,2,0.5
y,tu,q,1,7,0.14285714285714285
<,aloha,nano,1,1,1.0
aloha,nano,na,1,1,1.0
nano,na,>,1,1,1.0
<,ha,>,1,1,1.0
<,solo,el,1,5,0.2
solo,el,inicio,1,1,1.0
el,inicio,jajaj,1,1,1.0
<,lo,decia,1,7,0.14285714285714285
te,mojaste,o,1,1,1.0
lo,decia,x,1,1,1.0
decia,x,el,1,1,1.0
x,el,edit,1,2,0.5
el,edit,>,1,1,1.0
<,la,musica,1,11,0.09090909090909091
la,musica,q,1,1,1.0
musica,q,le,1,1,1.0
q,le,ponen,1,2,0.5
le,ponen,>,1,1,1.0
<,q,mal,1,29,0.034482758620689655
<,quien,sabe,1,4,0.25
mojaste,o,algo,1,1,1.0
<,te,mojaste,1,11,0.09090909090909091
es,q,literalmente,1,11,0.09090909090909091
llego,tempra,>,1,1,1.0
q,literalmente,no,1,1,1.0
literalmente,no,tengo,1,1,1.0
no,tengo,>,1,4,0.25
<,pc,>,1,1,1.0
<,mas,al,1,3,0.3333333333333333
mas,al,rato,1,1,1.0
al,rato,>,1,2,0.5
<,y,yo,1,38,0.02631578947368421
y,yo,si,1,1,1.0
yo,si,llego,1,1,1.0
si,llego,tempra,1,1,1.0
<,a,veces,1,30,0.03333333333333333
<,pqqq,>,1,1,1.0
a,veces,>,1,1,1.0
<,el,de,1,13,0.07692307692307693
el,de,giselle,1,2,0.5
de,giselle,es,1,1,1.0
giselle,es,>,1,1,1.0
<,el,mejor,1,13,0.07692307692307693
el,mejor,>,1,1,1.0
<,q,dices,1,29,0.034482758620689655
<,yayaya,>,1,1,1.0
<,andaba,devorando,1,1,1.0
andaba,devorando,>,1,1,1.0
gracias,jajaja,>,1,1,1.0
<,okok,>,1,2,0.5
<,lily,suena,1,1,1.0
anda,chambeando,>,1,1,1.0
bno,al,menos,1,1,1.0
al,menos,ya,1,1,1.0
menos,ya,estoy,1,1,1.0
estoy,en,el,1,5,0.2
en,el,hogar,1,6,0.16666666666666666
el,hogar,>,1,1,1.0
<,si,jajajaj,1,114,0.008771929824561403
<,frey,no,1,2,0.5
frey,no,esta,1,1,1.0
no,esta,>,1,1,1.0
<,anda,chambeando,1,3,0.3333333333333333
ya,toy,mejor,1,2,0.5
<,pero,bno,1,57,0.017543859649122806
toy,mejor,>,1,1,1.0
<,go,go,1,3,0.3333333333333333
go,go,go,1,2,0.5
go,go,falto,1,2,0.5
go,falto,nomas,1,1,1.0
falto,nomas,>,1,1,1.0
<,q,se,1,29,0.034482758620689655
q,se,preparo,1,6,0.16666666666666666
se,preparo,?,1,1,1.0
preparo,?,>,1,1,1.0
que,fue,que,1,3,0.3333333333333333
pero,bno,al,1,1,1.0
<,x,eso,1,1,1.0
<,q,riko,1,29,0.034482758620689655
es,q,no,1,11,0.09090909090909091
q,me,fue,1,3,0.3333333333333333
me,fue,>,1,1,1.0
<,bien,>,1,5,0.2
<,ve,preparando,1,1,1.0
ve,preparando,mis,1,1,1.0
preparando,mis,robux,1,1,1.0
mis,robux,>,1,1,1.0
<,estoy,triste,1,2,0.5
estoy,triste,>,1,1,1.0
<,en,q,1,6,0.16666666666666666
en,q,>,1,2,0.5
q,no,seee,1,6,0.16666666666666666
a,nadie,>,1,1,1.0
<,para,ma침ana,1,4,0.25
<,quiza,>,1,1,1.0
<,y,ps,1,38,0.02631578947368421
y,ps,aki,1,2,0.5
ps,aki,andamos,1,1,1.0
aki,andamos,>,1,1,1.0
pero,no,le,1,18,0.05555555555555555
no,le,he,1,4,0.25
le,he,dicho,1,1,1.0
he,dicho,a,1,1,1.0
dicho,a,nadie,1,1,1.0
fue,que,fue,1,1,1.0
q,riko,>,1,1,1.0
vale,?,>,1,1,1.0
<,y,siii,1,38,0.02631578947368421
<,que,le,1,19,0.05263157894736842
que,le,dijiste,1,2,0.5
le,dijiste,?,1,1,1.0
dijiste,?,>,1,1,1.0
<,miraaaa,>,1,1,1.0
<,habra,uno,1,1,1.0
habra,uno,asi,1,1,1.0
uno,asi,en,1,1,1.0
asi,en,el,1,2,0.5
el,roblo,?,1,2,0.5
roblo,?,>,1,1,1.0
y,siii,>,1,1,1.0
<,jajajajajajaja,>,1,2,0.5
me,acorde,q,1,3,0.3333333333333333
acorde,q,tengo,1,1,1.0
q,tengo,examen,1,2,0.5
tengo,examen,>,1,1,1.0
<,y,tengo,1,38,0.02631578947368421
y,tengo,q,1,1,1.0
q,estudiar,>,1,2,0.5
<,akiora,duermes,1,2,0.5
akiora,duermes,?,1,1,1.0
duermes,?,>,1,1,1.0
<,vale,?,1,7,0.14285714285714285
<,umiyado,>,1,1,1.0
uuuuu,jajajajjaja,>,1,1,1.0
<,el,perrito,1,13,0.07692307692307693
es,tu,pieza,1,1,1.0
el,perrito,>,1,1,1.0
<,antes,de,1,1,1.0
antes,de,devorartelo,1,1,1.0
de,devorartelo,todo,1,1,1.0
devorartelo,todo,>,1,1,1.0
<,jajaka,me,1,1,1.0
jajaka,me,ense침as,1,1,1.0
me,ense침as,si,1,2,0.5
ense침as,si,si,1,1,1.0
si,si,>,1,1,1.0
<,es,tu,1,39,0.02564102564102564
tu,pieza,fav,1,1,1.0
<,uuuuu,jajajajjaja,1,1,1.0
pieza,fav,?,1,1,1.0
fav,?,>,1,1,1.0
<,asi,en,1,9,0.1111111111111111
asi,en,un,1,2,0.5
en,un,prro,1,1,1.0
un,prro,sticker,1,1,1.0
prro,sticker,>,1,1,1.0
<,vavav,>,1,1,1.0
<,noooooo,>,1,1,1.0
<,si,sas,1,114,0.008771929824561403
si,sas,>,1,1,1.0
quien,sabe,q,1,1,1.0
sabe,q,te,1,1,1.0
q,te,enfermo,1,6,0.16666666666666666
cuales,otros,hay,1,1,1.0
<,s,>,1,1,1.0
<,pq,lo,1,17,0.058823529411764705
pq,lo,dices,1,1,1.0
lo,dices,o,1,1,1.0
dices,o,q,1,1,1.0
no,lo,habia,1,3,0.3333333333333333
lo,habia,vistoooo,1,2,0.5
habia,vistoooo,>,1,1,1.0
<,quien,dice,1,4,0.25
quien,dice,>,1,1,1.0
<,cuales,otros,1,3,0.3333333333333333
otros,hay,?,1,1,1.0
muero,tmb,yo,1,1,1.0
<,si,sabe,1,114,0.008771929824561403
si,sabe,a,1,1,1.0
sabe,a,pure,1,1,1.0
a,pure,de,1,1,1.0
pure,de,kfc,1,2,0.5
de,kfc,?,1,1,1.0
kfc,?,>,1,1,1.0
<,ya,seee,1,66,0.015151515151515152
ya,seee,>,1,1,1.0
<,te,creo,1,11,0.09090909090909091
te,creo,>,1,1,1.0
tmb,yo,de,1,1,1.0
me,muero,tmb,1,2,0.5
tmb,son,de,1,1,1.0
ojala,vdd,>,1,1,1.0
<,no,see,1,87,0.011494252873563218
no,see,>,1,1,1.0
<,no,ipota,1,87,0.011494252873563218
no,ipota,",",1,1,1.0
ipota,",",tranki,1,1,1.0
",",tranki,>,1,1,1.0
no,me,deja,1,8,0.125
me,deja,verlo,1,1,1.0
deja,verlo,>,1,1,1.0
<,ja,>,1,2,0.5
<,ojala,vdd,1,7,0.14285714285714285
<,mimi,bien,1,3,0.3333333333333333
<,jaajjaja,>,1,1,1.0
mimi,bien,>,1,2,0.5
<,apocooo,>,1,1,1.0
<,ense침amelo,para,1,1,1.0
ense침amelo,para,ver,1,1,1.0
para,ver,si,1,1,1.0
si,lo,venden,1,4,0.25
lo,venden,aca,1,2,0.5
venden,aca,>,1,1,1.0
<,y,bonitos,1,38,0.02631578947368421
y,bonitos,colores,1,1,1.0
bonitos,colores,>,1,1,1.0
pero,tmb,son,1,2,0.5
son,de,pavo,1,1,1.0
te,enfermo,>,1,1,1.0
te,digo,",",1,2,0.5
<,como,va,1,7,0.14285714285714285
como,va,la,1,1,1.0
va,la,vida,1,2,0.5
vida,de,lic,1,4,0.25
de,lic,?,1,1,1.0
lic,?,>,1,1,1.0
<,te,entiendo,1,11,0.09090909090909091
te,entiendo,>,1,1,1.0
<,ps,q,1,3,0.3333333333333333
ps,q,te,1,1,1.0
q,te,digo,1,6,0.16666666666666666
digo,",",embeses,1,1,1.0
los,hechos,>,1,1,1.0
",",embeses,esta,1,1,1.0
embeses,esta,bn,1,1,1.0
esta,bn,tryhard,1,4,0.25
bn,tryhard,y,1,1,1.0
tryhard,y,embeses,1,1,1.0
y,embeses,meh,1,1,1.0
embeses,meh,>,1,1,1.0
<,si,vda,1,114,0.008771929824561403
si,vda,>,1,1,1.0
<,pon,alarmas,1,1,1.0
pon,alarmas,>,1,1,1.0
<,no,cierto,1,87,0.011494252873563218
son,los,hechos,1,1,1.0
de,pavo,?,1,1,1.0
bno,q,de,1,1,1.0
pavo,?,>,1,1,1.0
<,apocoooo,>,1,1,1.0
ya,me,dieron,1,7,0.14285714285714285
me,dieron,ganas,1,1,1.0
dieron,ganas,de,1,1,1.0
ganas,de,comprarlo,1,1,1.0
de,comprarlo,>,1,1,1.0
<,auditorio,>,1,1,1.0
<,habria,estado,1,1,1.0
habria,estado,bno,1,1,1.0
estado,bno,q,1,1,1.0
q,de,vdd,1,1,1.0
asi,son,los,1,1,1.0
de,vdd,te,1,3,0.3333333333333333
vdd,te,hubieran,1,1,1.0
te,hubieran,sacado,1,1,1.0
hubieran,sacado,tt,1,1,1.0
sacado,tt,>,1,1,1.0
<,mejor,me,1,3,0.3333333333333333
mejor,me,defiendo,1,1,1.0
me,defiendo,sola,1,1,1.0
defiendo,sola,>,1,1,1.0
<,pq,asi,1,17,0.058823529411764705
pq,asi,son,1,1,1.0
<,kierooo,>,1,1,1.0
venden,?,>,1,1,1.0
lo,venden,?,1,2,0.5
<,omg,>,1,1,1.0
q,sabor,?,1,1,1.0
sabor,?,>,1,1,1.0
<,no,kreo,1,87,0.011494252873563218
no,kreo,>,1,1,1.0
<,mi,fav,1,4,0.25
mi,fav,es,1,3,0.3333333333333333
fav,es,de,1,1,1.0
es,de,keso,1,4,0.25
de,keso,>,1,1,1.0
<,yea,perdone,1,1,1.0
yea,perdone,>,1,1,1.0
es,mi,reaccion,1,3,0.3333333333333333
que,bueno,>,1,2,0.5
mi,reaccion,a,1,1,1.0
reaccion,a,esto,1,1,1.0
a,esto,>,1,1,1.0
<,siiiii,>,1,1,1.0
<,holanda,",",1,1,1.0
holanda,",",queso,1,1,1.0
",",queso,con,1,1,1.0
queso,con,zarzamora,1,1,1.0
con,zarzamora,>,1,1,1.0
<,esta,maso,1,10,0.1
esta,maso,>,1,1,1.0
de,q,sabor,1,13,0.07692307692307693
otros,meh,>,1,1,1.0
donde,lo,venden,1,1,1.0
q,te,mejores,1,6,0.16666666666666666
<,no,creo,1,87,0.011494252873563218
no,creo,q,1,1,1.0
creo,q,haya,1,10,0.1
q,haya,sido,1,1,1.0
haya,sido,algo,1,1,1.0
sido,algo,helado,1,1,1.0
algo,helado,>,1,1,1.0
<,o,kien,1,14,0.07142857142857142
o,kien,sabe,1,1,1.0
kien,sabe,>,1,1,1.0
espero,q,te,1,3,0.3333333333333333
te,mejores,rapido,1,1,1.0
y,otros,meh,1,1,1.0
mejores,rapido,>,1,1,1.0
<,como,empieza,1,7,0.14285714285714285
como,empieza,?,1,1,1.0
empieza,?,>,1,1,1.0
ya,no,me,1,7,0.14285714285714285
<,maso,",",1,1,1.0
maso,",",hay,1,1,1.0
",",hay,caps,1,1,1.0
hay,caps,buenos,1,1,1.0
caps,buenos,y,1,1,1.0
buenos,y,otros,1,1,1.0
<,el,vddero,1,13,0.07692307692307693
el,vddero,helado,1,1,1.0
vddero,helado,rico,1,1,1.0
<,provecho,>,1,1,1.0
se,peto,?,1,1,1.0
peto,?,>,1,1,1.0
<,ojala,",",1,7,0.14285714285714285
ojala,",",sabe,1,1,1.0
",",sabe,rika,1,1,1.0
sabe,rika,>,1,1,1.0
pero,yo,no,1,2,0.5
yo,no,jajaja,1,1,1.0
no,jajaja,>,1,1,1.0
<,to,bien,1,1,1.0
<,y,a,1,38,0.02631578947368421
<,pure,de,1,1,1.0
helado,rico,de,1,1,1.0
pure,de,q,1,2,0.5
de,q,?,1,13,0.07692307692307693
q,?,>,1,1,1.0
<,ya,los,1,66,0.015151515151515152
ya,los,ganaron,1,1,1.0
los,ganaron,>,1,1,1.0
q,es,gravy,1,5,0.2
es,gravy,?,1,1,1.0
gravy,?,>,1,1,1.0
<,f,>,1,1,1.0
<,donde,lo,1,5,0.2
kien,se,peto,1,1,1.0
<,kien,se,1,2,0.5
casa,gracias,a,1,1,1.0
mi,casa,gracias,1,4,0.25
rico,de,queso,1,1,1.0
de,queso,son,1,2,0.5
queso,son,vendidos,1,1,1.0
son,vendidos,en,1,1,1.0
vendidos,en,la,1,1,1.0
en,la,calle,1,12,0.08333333333333333
la,calle,",",1,1,1.0
calle,",",asi,1,1,1.0
",",asi,como,1,2,0.5
asi,como,nieve,1,1,1.0
como,nieve,>,1,1,1.0
<,aja,>,1,1,1.0
<,pero,la,1,57,0.017543859649122806
pero,la,de,1,1,1.0
la,de,queso,1,2,0.5
de,queso,es,1,2,0.5
queso,es,de,1,1,1.0
es,de,leche,1,4,0.25
de,leche,>,1,1,1.0
<,ya,voy,1,66,0.015151515151515152
ya,voy,a,1,1,1.0
voy,a,mi,1,4,0.25
a,mi,casa,1,5,0.2
espera,aaaaaaaaaa,>,1,1,1.0
